/*
 Navicat Premium Data Transfer

 Source Server         : etracs-mysql
 Source Server Type    : MySQL
 Source Server Version : 50640
 Source Host           : localhost:3306
 Source Schema         : puerto_vehicle_new

 Target Server Type    : MySQL
 Target Server Version : 50640
 File Encoding         : 65001

 Date: 07/03/2020 15:25:15
*/

SET NAMES utf8;
SET FOREIGN_KEY_CHECKS = 0;

-- ----------------------------
-- Table structure for sys_rule
-- ----------------------------
DROP TABLE IF EXISTS `sys_rule`;
CREATE TABLE `sys_rule` (
  `objid` varchar(50) NOT NULL,
  `state` varchar(25) DEFAULT NULL,
  `name` varchar(50) NOT NULL,
  `ruleset` varchar(50) NOT NULL,
  `rulegroup` varchar(50) DEFAULT NULL,
  `title` varchar(250) DEFAULT NULL,
  `description` longtext,
  `salience` int(11) DEFAULT NULL,
  `effectivefrom` date DEFAULT NULL,
  `effectiveto` date DEFAULT NULL,
  `dtfiled` datetime DEFAULT NULL,
  `user_objid` varchar(50) DEFAULT NULL,
  `user_name` varchar(100) DEFAULT NULL,
  `noloop` int(11) DEFAULT NULL,
  PRIMARY KEY (`objid`) USING BTREE,
  KEY `rulegroup` (`rulegroup`,`ruleset`) USING BTREE,
  KEY `ruleset` (`ruleset`) USING BTREE,
  CONSTRAINT `sys_rule_ibfk_1` FOREIGN KEY (`rulegroup`, `ruleset`) REFERENCES `sys_rulegroup` (`name`, `ruleset`),
  CONSTRAINT `sys_rule_ibfk_2` FOREIGN KEY (`ruleset`) REFERENCES `sys_ruleset` (`name`)
) ENGINE=InnoDB DEFAULT CHARSET=utf8;

-- ----------------------------
-- Records of sys_rule
-- ----------------------------
BEGIN;
INSERT INTO `sys_rule` VALUES ('RUL-14e42a95:16f708fffae:-7aaa', 'DEPLOYED', 'SET_EXTENDED_DUE_DATE', 'vehiclebilling', 'initial', 'SET_EXTENDED_DUE_DATE', NULL, 1000, NULL, NULL, '2020-01-04 21:12:06', 'USR-6bf98eba:1254696a2c9:-7ff6', 'ADMIN', 1);
INSERT INTO `sys_rule` VALUES ('RUL-25db62ba:16f564df79a:-7728', 'DEPLOYED', 'REMOVE_MAYORS_PERMIT_IF_ADDITIONAL', 'vehicleassessment', 'summary', 'REMOVE MAYORS PERMIT IF ADDITIONAL', NULL, 50000, NULL, NULL, '2019-12-30 19:13:19', 'USR-6bf98eba:1254696a2c9:-7ff6', 'ADMIN', 1);
INSERT INTO `sys_rule` VALUES ('RUL-2926b8f1:16f82c67f3c:-7e11', 'DEPLOYED', 'MTOP_FRANCHISE_RENEWAL_DATE', 'vehicledates', 'initial', 'MTOP FRANCHISE RENEWAL DATE', NULL, 50000, NULL, NULL, '2020-01-08 09:35:15', 'USR-6bf98eba:1254696a2c9:-7ff6', 'ADMIN', 1);
INSERT INTO `sys_rule` VALUES ('RUL-2af3ebe6:168a26aa806:-604f', 'APPROVED', 'COMPUTE_TRANSFER_DONATION', 'vehicleassessment', 'compute-fee', 'COMPUTE TRANSFER DONATION', NULL, 50000, NULL, NULL, '2019-01-31 15:01:43', 'USR-ADMIN', 'ADMIN', 1);
INSERT INTO `sys_rule` VALUES ('RUL-2af3ebe6:168a26aa806:-63d4', 'APPROVED', 'COMPUTE_TRANSFER', 'vehicleassessment', 'compute-fee', 'COMPUTE TRANSFER', NULL, 50000, NULL, NULL, '2019-01-31 14:58:19', 'USR-ADMIN', 'ADMIN', 1);
INSERT INTO `sys_rule` VALUES ('RUL-2af3ebe6:168a26aa806:-6589', 'APPROVED', 'ASK_TRANSFER_IS_THRU_SALE', 'vehicleassessment', 'ask-info', 'ASK TRANSFER IS THRU SALE', NULL, 50000, NULL, NULL, '2019-01-31 14:42:53', 'USR-ADMIN', 'ADMIN', 1);
INSERT INTO `sys_rule` VALUES ('RUL-2af3ebe6:168a26aa806:-690a', 'APPROVED', 'ASK_INFO', 'vehicleassessment', 'ask-info', 'Ask Information', NULL, 50000, NULL, NULL, '2019-01-31 14:37:42', 'USR-ADMIN', 'ADMIN', 1);
INSERT INTO `sys_rule` VALUES ('RUL-2af3ebe6:168a26aa806:-7d39', 'APPROVED', 'COMPUTE_SURCHARGE_PERMIT_FEE', 'vehiclebilling', 'surcharge', 'COMPUTE SURCHARGE PERMIT FEE', NULL, 50000, NULL, NULL, '2019-01-31 14:02:16', 'USR-ADMIN', 'ADMIN', 1);
INSERT INTO `sys_rule` VALUES ('RUL-3906656a:1703cb19e6a:-79fa', 'DRAFT', 'ASK_INFO_COPY', 'vehicleassessment', 'ask-info', 'Ask Information', NULL, 50000, NULL, NULL, '2020-02-13 13:22:48', 'USR-ADMIN', 'ADMIN', 1);
INSERT INTO `sys_rule` VALUES ('RUL-3d6f3345:164f3a00ffa:-76f8', 'APPROVED', 'PERMIT_EXPIRY_DATE', 'vehicledates', 'initial', 'PERMIT EXPIRY DATE', NULL, 50000, NULL, NULL, '2018-08-01 12:31:09', 'USR-1b82c604:14cc29913bb:-7fec', 'ADMIN', 1);
INSERT INTO `sys_rule` VALUES ('RUL-3d6f3345:164f3a00ffa:-7a46', 'APPROVED', 'RENEWAL_DATE', 'vehicledates', 'initial', 'RENEWAL DATE', NULL, 50000, NULL, NULL, '2018-08-01 12:27:46', 'USR-1b82c604:14cc29913bb:-7fec', 'ADMIN', 1);
INSERT INTO `sys_rule` VALUES ('RUL-489907a0:1707f2afd48:-7438', 'DRAFT', 'COMPUTE_SURCHARGE_PERMIT_FEE_MTOP', 'vehiclebilling', 'surcharge', 'COMPUTE SURCHARGE PERMIT FEE', NULL, 50000, NULL, NULL, '2020-02-26 11:19:09', 'USR-ADMIN', 'ADMIN', 1);
INSERT INTO `sys_rule` VALUES ('RUL-56ac22a2:16f56c2317c:-7b1b', 'DEPLOYED', 'MTOP_NEW_RENEW_AND_CHANGE_FEES', 'vehicleassessment', 'compute-fee', 'MTOP BASIC FEES FOR NEW, RENEW, CHANGE OWNER AND CHANGE UNITS', NULL, 50000, NULL, NULL, '2019-12-30 20:30:31', 'USR-6bf98eba:1254696a2c9:-7ff6', 'ADMIN', 1);
INSERT INTO `sys_rule` VALUES ('RUL-56ac22a2:16f56c2317c:-7ba6', 'DEPLOYED', 'ASK_APP_INFO', 'vehicleassessment', 'ask-info', 'ASK APP INFO', NULL, 50000, NULL, NULL, '2019-12-30 20:29:14', 'USR-6bf98eba:1254696a2c9:-7ff6', 'ADMIN', 1);
INSERT INTO `sys_rule` VALUES ('RUL-57c2d992:164ee592b63:-7e1f', 'DEPLOYED', 'MOTORCYCLE_RENEWAL_DATE', 'vehicledates', 'initial', 'MOTORCYCLE RENEWAL DATE', NULL, 50000, NULL, NULL, '2018-07-31 11:29:18', 'USR-1b82c604:14cc29913bb:-7fec', 'ADMIN', 1);
INSERT INTO `sys_rule` VALUES ('RUL-63d80782:16f0ef8d63b:-7da6', 'DEPLOYED', 'DROP_UNIT', 'vehicleassessment', 'compute-fee', 'DROP UNIT', NULL, 50000, NULL, NULL, '2019-12-16 21:52:56', 'USR-6bf98eba:1254696a2c9:-7ff6', 'ADMIN', 1);
INSERT INTO `sys_rule` VALUES ('RUL-79820a3e:16f0c625123:-6529', 'APPROVED', 'MTOP_EXPIRYDATE', 'vehicledates', 'initial', 'MTOP EXPIRY DATE', NULL, 50000, NULL, NULL, '2019-12-16 11:01:30', 'USR-6bf98eba:1254696a2c9:-7ff6', 'ADMIN', 1);
INSERT INTO `sys_rule` VALUES ('RUL17933c33:16f0d58ef1c:-710c', 'APPROVED', 'MTOP_NEW_FEES', 'vehicleassessment', 'compute-fee', 'MTOP_NEW_FEES', NULL, 50000, NULL, NULL, '2019-12-16 14:45:58', 'USR-6bf98eba:1254696a2c9:-7ff6', 'ADMIN', 1);
INSERT INTO `sys_rule` VALUES ('RUL351e5058:16f0df7bfd7:-73ce', 'DEPLOYED', 'CHANGE_OWNER_UNIT', 'vehicleassessment', 'compute-fee', 'CHANGE OWNER UNIT', NULL, 50000, NULL, NULL, '2019-12-16 17:18:10', 'USR-6bf98eba:1254696a2c9:-7ff6', 'ADMIN', 1);
INSERT INTO `sys_rule` VALUES ('RUL351e5058:16f0df7bfd7:-74c0', 'DEPLOYED', 'CHANGE_OWNER', 'vehicleassessment', 'compute-fee', 'CHANGE OWNER', NULL, 50000, NULL, NULL, '2019-12-16 17:17:26', 'USR-6bf98eba:1254696a2c9:-7ff6', 'ADMIN', 1);
INSERT INTO `sys_rule` VALUES ('RUL351e5058:16f0df7bfd7:-7864', 'DEPLOYED', 'CHANGE_UNIT', 'vehicleassessment', 'compute-fee', 'CHANGE UNIT', NULL, 50000, NULL, NULL, '2019-12-16 17:15:43', 'USR-6bf98eba:1254696a2c9:-7ff6', 'ADMIN', 1);
INSERT INTO `sys_rule` VALUES ('RUL3cf2bbd6:16ef4232a61:-7d8e', 'APPROVED', 'APPLY_PAYMENT', 'vehiclebilling', 'apply-payment', 'APPLY PAYMENT TO HANDLE PARTIAL PAYMENT', NULL, 50000, NULL, NULL, '2019-12-12 10:30:15', 'anzanoe', 'ANZANOE', 1);
INSERT INTO `sys_rule` VALUES ('RUL4adb13dd:16c88dfc11c:-7b80', 'DEPLOYED', 'SET_BILL_ITEM_DUE_DATE', 'vehiclebilling', 'initial', 'set billitem due dates', NULL, 50000, NULL, NULL, '2019-08-13 11:02:50', 'USR-6bf98eba:1254696a2c9:-7ff6', 'ADMIN', 1);
INSERT INTO `sys_rule` VALUES ('RUL4fccdb1e:17050a3f427:-286b', 'DRAFT', 'COMPUTE_TRANSFER_DONATION_COPY', 'vehicleassessment', 'compute-fee', 'COMPUTE TRANSFER DONATION', NULL, 50000, NULL, NULL, '2020-02-17 11:39:28', 'USR-ADMIN', 'ADMIN', 1);
INSERT INTO `sys_rule` VALUES ('RUL4fccdb1e:17050a3f427:-28a4', 'DRAFT', 'COMPUTE_TRANSFER_COPY', 'vehicleassessment', 'compute-fee', 'COMPUTE TRANSFER', NULL, 50000, NULL, NULL, '2020-02-17 11:39:11', 'USR-ADMIN', 'ADMIN', 1);
INSERT INTO `sys_rule` VALUES ('RUL5aee1e82:1689f44f26b:-6be1', 'APPROVED', 'COMPUTE_RENEW_FEES', 'vehicleassessment', 'compute-fee', 'COMPUTE_RENEW_FEES', NULL, 50000, NULL, NULL, '2019-01-31 00:09:15', 'USR-ADMIN', 'ADMIN', 1);
INSERT INTO `sys_rule` VALUES ('RUL5aee1e82:1689f44f26b:-7251', 'APPROVED', 'COMPUTE_NEW_FEES', 'vehicleassessment', 'compute-fee', 'COMPUTE NEW FEES', NULL, 50000, NULL, NULL, '2019-01-31 00:02:57', 'USR-ADMIN', 'ADMIN', 1);
INSERT INTO `sys_rule` VALUES ('RUL789fb8a5:168a24fe63a:-7977', 'APPROVED', 'COMPUTE_SUBSTITUTION', 'vehicleassessment', 'compute-fee', 'COMPUTE SUBSTITUTION', NULL, 50000, NULL, NULL, '2019-01-31 13:17:53', 'USR-ADMIN', 'ADMIN', 1);
INSERT INTO `sys_rule` VALUES ('RUL9c39035:16f0d95ddf6:-7cf8', 'APPROVED', 'MTOP_SURCHARGE_PER_YEAR', 'vehiclebilling', 'surcharge', 'MTOP_SURCHARGE_PER_YEAR', NULL, 50000, NULL, NULL, '2019-12-16 15:28:05', 'USR-6bf98eba:1254696a2c9:-7ff6', 'ADMIN', 1);
COMMIT;

-- ----------------------------
-- Table structure for sys_rule_action
-- ----------------------------
DROP TABLE IF EXISTS `sys_rule_action`;
CREATE TABLE `sys_rule_action` (
  `objid` varchar(50) NOT NULL,
  `parentid` varchar(50) DEFAULT NULL,
  `actiondef_objid` varchar(50) DEFAULT NULL,
  `actiondef_name` varchar(50) DEFAULT NULL,
  `pos` int(11) DEFAULT NULL,
  PRIMARY KEY (`objid`) USING BTREE,
  KEY `parentid` (`parentid`) USING BTREE,
  KEY `sys_rule_action_actiondef` (`actiondef_objid`) USING BTREE,
  CONSTRAINT `sys_rule_action_actiondef` FOREIGN KEY (`actiondef_objid`) REFERENCES `sys_rule_actiondef` (`objid`),
  CONSTRAINT `sys_rule_action_ibfk_1` FOREIGN KEY (`parentid`) REFERENCES `sys_rule` (`objid`)
) ENGINE=InnoDB DEFAULT CHARSET=utf8;

-- ----------------------------
-- Records of sys_rule_action
-- ----------------------------
BEGIN;
INSERT INTO `sys_rule_action` VALUES ('RA-385bbe58:1703cf84752:-2358', 'RUL-3906656a:1703cb19e6a:-79fa', 'enterprise.actions.AskInfo', 'ask-info', 0);
INSERT INTO `sys_rule_action` VALUES ('RA-385bbe58:1703cf84752:-235b', 'RUL-3906656a:1703cb19e6a:-79fa', 'enterprise.actions.AskInfo', 'ask-info', 0);
INSERT INTO `sys_rule_action` VALUES ('RA-385bbe58:1703cf84752:-235e', 'RUL-3906656a:1703cb19e6a:-79fa', 'enterprise.actions.AskInfo', 'ask-info', 0);
INSERT INTO `sys_rule_action` VALUES ('RA-4dcceae8:16f56c822b6:-7fd8', 'RUL-56ac22a2:16f56c2317c:-7b1b', 'treasury.actions.AddBillItem', 'add-billitem', 0);
INSERT INTO `sys_rule_action` VALUES ('RA-4dcceae8:16f56c822b6:-7fdc', 'RUL-56ac22a2:16f56c2317c:-7b1b', 'treasury.actions.AddBillItem', 'add-billitem', 0);
INSERT INTO `sys_rule_action` VALUES ('RA-4dcceae8:16f56c822b6:-7fe0', 'RUL-56ac22a2:16f56c2317c:-7b1b', 'treasury.actions.AddBillItem', 'add-billitem', 0);
INSERT INTO `sys_rule_action` VALUES ('RA-4dcceae8:16f56c822b6:-7fe4', 'RUL-56ac22a2:16f56c2317c:-7b1b', 'treasury.actions.AddBillItem', 'add-billitem', 0);
INSERT INTO `sys_rule_action` VALUES ('RA-4dcceae8:16f56c822b6:-7fe8', 'RUL-56ac22a2:16f56c2317c:-7b1b', 'treasury.actions.AddBillItem', 'add-billitem', 0);
INSERT INTO `sys_rule_action` VALUES ('RA-4dcceae8:16f56c822b6:-7fec', 'RUL-56ac22a2:16f56c2317c:-7b1b', 'treasury.actions.AddBillItem', 'add-billitem', 0);
INSERT INTO `sys_rule_action` VALUES ('RA-4dcceae8:16f56c822b6:-7ff0', 'RUL-56ac22a2:16f56c2317c:-7b1b', 'treasury.actions.AddBillItem', 'add-billitem', 0);
INSERT INTO `sys_rule_action` VALUES ('RA-4dcceae8:16f56c822b6:-7ffb', 'RUL-56ac22a2:16f56c2317c:-7ba6', 'enterprise.actions.AskInfo', 'ask-info', 0);
INSERT INTO `sys_rule_action` VALUES ('RA-4dcceae8:16f56c822b6:-7ffe', 'RUL-56ac22a2:16f56c2317c:-7ba6', 'enterprise.actions.AskInfo', 'ask-info', 0);
INSERT INTO `sys_rule_action` VALUES ('RA1bc453a0:17051255e61:591f', 'RUL4fccdb1e:17050a3f427:-28a4', 'treasury.actions.AddBillItem', 'add-billitem', 0);
INSERT INTO `sys_rule_action` VALUES ('RA1bc453a0:17051255e61:5922', 'RUL4fccdb1e:17050a3f427:-28a4', 'treasury.actions.AddBillItem', 'add-billitem', 0);
INSERT INTO `sys_rule_action` VALUES ('RA1bc453a0:17051255e61:5925', 'RUL4fccdb1e:17050a3f427:-28a4', 'treasury.actions.AddBillItem', 'add-billitem', 0);
INSERT INTO `sys_rule_action` VALUES ('RA1bc453a0:17051255e61:5b65', 'RUL4fccdb1e:17050a3f427:-286b', 'treasury.actions.AddBillItem', 'add-billitem', 0);
INSERT INTO `sys_rule_action` VALUES ('RA1bc453a0:17051255e61:5b68', 'RUL4fccdb1e:17050a3f427:-286b', 'treasury.actions.AddBillItem', 'add-billitem', 0);
INSERT INTO `sys_rule_action` VALUES ('RA1bc453a0:17051255e61:5b6b', 'RUL4fccdb1e:17050a3f427:-286b', 'treasury.actions.AddBillItem', 'add-billitem', 0);
INSERT INTO `sys_rule_action` VALUES ('RA22798ce5:164f39ff5c7:-7efc', 'RUL-3d6f3345:164f3a00ffa:-76f8', 'treasury.actions.AddDueDate', 'add-duedate', 0);
INSERT INTO `sys_rule_action` VALUES ('RA2a9de65:1689f41a72e:-7dbe', 'RUL5aee1e82:1689f44f26b:-6be1', 'treasury.actions.AddBillItem', 'add-billitem', 0);
INSERT INTO `sys_rule_action` VALUES ('RA2a9de65:1689f41a72e:-7dc1', 'RUL5aee1e82:1689f44f26b:-6be1', 'treasury.actions.AddBillItem', 'add-billitem', 0);
INSERT INTO `sys_rule_action` VALUES ('RA2a9de65:1689f41a72e:-7dc4', 'RUL5aee1e82:1689f44f26b:-6be1', 'treasury.actions.AddBillItem', 'add-billitem', 0);
INSERT INTO `sys_rule_action` VALUES ('RA2a9de65:1689f41a72e:-7dc7', 'RUL5aee1e82:1689f44f26b:-6be1', 'treasury.actions.AddBillItem', 'add-billitem', 0);
INSERT INTO `sys_rule_action` VALUES ('RA2a9de65:1689f41a72e:-7dca', 'RUL5aee1e82:1689f44f26b:-6be1', 'treasury.actions.AddBillItem', 'add-billitem', 0);
INSERT INTO `sys_rule_action` VALUES ('RA2a9de65:168a27ba3b4:-5913', 'RUL-2af3ebe6:168a26aa806:-604f', 'treasury.actions.AddBillItem', 'add-billitem', 0);
INSERT INTO `sys_rule_action` VALUES ('RA437a7884:16f0efafa31:-7ff8', 'RUL-63d80782:16f0ef8d63b:-7da6', 'treasury.actions.AddBillItem', 'add-billitem', 0);
INSERT INTO `sys_rule_action` VALUES ('RA60a398a2:1707f7ef07e:-72a6', 'RUL-489907a0:1707f2afd48:-7438', 'treasury.actions.AddSurchargeItem', 'add-surcharge-item', 0);
INSERT INTO `sys_rule_action` VALUES ('RA716ac8c6:16f0db01197:-7f9e', 'RUL351e5058:16f0df7bfd7:-73ce', 'treasury.actions.AddBillItem', 'add-billitem', 0);
INSERT INTO `sys_rule_action` VALUES ('RA716ac8c6:16f0db01197:-7fa7', 'RUL351e5058:16f0df7bfd7:-74c0', 'treasury.actions.AddBillItem', 'add-billitem', 0);
INSERT INTO `sys_rule_action` VALUES ('RACT-13e7ffc3:16c88adffee:-7a6a', 'RUL-57c2d992:164ee592b63:-7e1f', 'treasury.actions.AddVarDate', 'add-vardate', 0);
INSERT INTO `sys_rule_action` VALUES ('RACT-14e42a95:16f708fffae:-773d', 'RUL-14e42a95:16f708fffae:-7aaa', 'treasury.actions.SetBillItemProperty', 'set-billitem-property', 0);
INSERT INTO `sys_rule_action` VALUES ('RACT-25db62ba:16f564df79a:-7342', 'RUL-25db62ba:16f564df79a:-7728', 'treasury.actions.RemoveBillItem', 'remove-billitem', 0);
INSERT INTO `sys_rule_action` VALUES ('RACT-2926b8f1:16f82c67f3c:-76d8', 'RUL-2926b8f1:16f82c67f3c:-7e11', 'treasury.actions.AddVarDate', 'add-vardate', 0);
INSERT INTO `sys_rule_action` VALUES ('RACT-2af3ebe6:168a26aa806:-6205', 'RUL-2af3ebe6:168a26aa806:-63d4', 'treasury.actions.AddBillItem', 'add-billitem', 0);
INSERT INTO `sys_rule_action` VALUES ('RACT-2af3ebe6:168a26aa806:-64b8', 'RUL-2af3ebe6:168a26aa806:-6589', 'enterprise.actions.AskInfo', 'ask-info', 0);
INSERT INTO `sys_rule_action` VALUES ('RACT-2af3ebe6:168a26aa806:-6642', 'RUL-2af3ebe6:168a26aa806:-690a', 'enterprise.actions.AskInfo', 'ask-info', 0);
INSERT INTO `sys_rule_action` VALUES ('RACT-2af3ebe6:168a26aa806:-66ae', 'RUL-2af3ebe6:168a26aa806:-690a', 'enterprise.actions.AskInfo', 'ask-info', 0);
INSERT INTO `sys_rule_action` VALUES ('RACT-2af3ebe6:168a26aa806:-671d', 'RUL-2af3ebe6:168a26aa806:-690a', 'enterprise.actions.AskInfo', 'ask-info', 0);
INSERT INTO `sys_rule_action` VALUES ('RACT-2af3ebe6:168a26aa806:-6c1a', 'RUL789fb8a5:168a24fe63a:-7977', 'treasury.actions.AddBillItem', 'add-billitem', 0);
INSERT INTO `sys_rule_action` VALUES ('RACT-2af3ebe6:168a26aa806:-6cbd', 'RUL789fb8a5:168a24fe63a:-7977', 'treasury.actions.AddBillItem', 'add-billitem', 0);
INSERT INTO `sys_rule_action` VALUES ('RACT-2af3ebe6:168a26aa806:-75b9', 'RUL-2af3ebe6:168a26aa806:-7d39', 'treasury.actions.AddSurchargeItem', 'add-surcharge-item', 0);
INSERT INTO `sys_rule_action` VALUES ('RACT-3d6f3345:164f3a00ffa:-79af', 'RUL-3d6f3345:164f3a00ffa:-7a46', 'treasury.actions.AddDueDate', 'add-duedate', 0);
INSERT INTO `sys_rule_action` VALUES ('RACT-79820a3e:16f0c625123:-63da', 'RUL-79820a3e:16f0c625123:-6529', 'treasury.actions.AddVarDate', 'add-vardate', 0);
INSERT INTO `sys_rule_action` VALUES ('RACT17933c33:16f0d58ef1c:-6f00', 'RUL17933c33:16f0d58ef1c:-710c', 'treasury.actions.AddBillItem', 'add-billitem', 0);
INSERT INTO `sys_rule_action` VALUES ('RACT351e5058:16f0df7bfd7:-75a2', 'RUL351e5058:16f0df7bfd7:-7864', 'treasury.actions.AddBillItem', 'add-billitem', 0);
INSERT INTO `sys_rule_action` VALUES ('RACT3cf2bbd6:16ef4232a61:-7bfe', 'RUL3cf2bbd6:16ef4232a61:-7d8e', 'treasury.actions.ApplyPayment', 'apply-payment', 0);
INSERT INTO `sys_rule_action` VALUES ('RACT4adb13dd:16c88dfc11c:-7475', 'RUL4adb13dd:16c88dfc11c:-7b80', 'treasury.actions.SetBillItemProperty', 'set-billitem-property', 0);
INSERT INTO `sys_rule_action` VALUES ('RACT4e9b2048:16f0da608f1:-7c28', 'RUL9c39035:16f0d95ddf6:-7cf8', 'treasury.actions.AddBillItem', 'add-billitem', 0);
INSERT INTO `sys_rule_action` VALUES ('RACT5aee1e82:1689f44f26b:-6ab4', 'RUL5aee1e82:1689f44f26b:-6be1', 'treasury.actions.AddBillItem', 'add-billitem', 0);
INSERT INTO `sys_rule_action` VALUES ('RACT5aee1e82:1689f44f26b:-6c69', 'RUL5aee1e82:1689f44f26b:-7251', 'treasury.actions.AddBillItem', 'add-billitem', 0);
INSERT INTO `sys_rule_action` VALUES ('RACT5aee1e82:1689f44f26b:-6d14', 'RUL5aee1e82:1689f44f26b:-7251', 'treasury.actions.AddBillItem', 'add-billitem', 0);
INSERT INTO `sys_rule_action` VALUES ('RACT5aee1e82:1689f44f26b:-6dbf', 'RUL5aee1e82:1689f44f26b:-7251', 'treasury.actions.AddBillItem', 'add-billitem', 0);
INSERT INTO `sys_rule_action` VALUES ('RACT5aee1e82:1689f44f26b:-6e6c', 'RUL5aee1e82:1689f44f26b:-7251', 'treasury.actions.AddBillItem', 'add-billitem', 0);
INSERT INTO `sys_rule_action` VALUES ('RACT5aee1e82:1689f44f26b:-6f19', 'RUL5aee1e82:1689f44f26b:-7251', 'treasury.actions.AddBillItem', 'add-billitem', 0);
COMMIT;

-- ----------------------------
-- Table structure for sys_rule_action_param
-- ----------------------------
DROP TABLE IF EXISTS `sys_rule_action_param`;
CREATE TABLE `sys_rule_action_param` (
  `objid` varchar(50) NOT NULL,
  `parentid` varchar(50) DEFAULT NULL,
  `actiondefparam_objid` varchar(100) DEFAULT NULL,
  `stringvalue` varchar(255) DEFAULT NULL,
  `booleanvalue` int(11) DEFAULT NULL,
  `var_objid` varchar(50) DEFAULT NULL,
  `var_name` varchar(50) DEFAULT NULL,
  `expr` longtext,
  `exprtype` varchar(25) DEFAULT NULL,
  `pos` int(11) DEFAULT NULL,
  `obj_key` varchar(50) DEFAULT NULL,
  `obj_value` varchar(255) DEFAULT NULL,
  `listvalue` longtext,
  `lov` varchar(50) DEFAULT NULL,
  `rangeoption` int(11) DEFAULT NULL,
  PRIMARY KEY (`objid`) USING BTREE,
  KEY `parentid` (`parentid`) USING BTREE,
  KEY `var_objid` (`var_objid`) USING BTREE,
  KEY `sys_rule_action_param_actiondefparam` (`actiondefparam_objid`) USING BTREE,
  CONSTRAINT `sys_rule_action_param_actiondefparam` FOREIGN KEY (`actiondefparam_objid`) REFERENCES `sys_rule_actiondef_param` (`objid`),
  CONSTRAINT `sys_rule_action_param_ibfk_1` FOREIGN KEY (`parentid`) REFERENCES `sys_rule_action` (`objid`),
  CONSTRAINT `sys_rule_action_param_ibfk_2` FOREIGN KEY (`var_objid`) REFERENCES `sys_rule_condition_var` (`objid`)
) ENGINE=InnoDB DEFAULT CHARSET=utf8;

-- ----------------------------
-- Records of sys_rule_action_param
-- ----------------------------
BEGIN;
INSERT INTO `sys_rule_action_param` VALUES ('RAP-385bbe58:1703cf84752:-2356', 'RA-385bbe58:1703cf84752:-2358', 'enterprise.actions.AskInfo.name', NULL, NULL, NULL, NULL, NULL, NULL, NULL, 'ASK_TODA', 'ASK_TODA', NULL, NULL, NULL);
INSERT INTO `sys_rule_action_param` VALUES ('RAP-385bbe58:1703cf84752:-2357', 'RA-385bbe58:1703cf84752:-2358', 'enterprise.actions.AskInfo.value', NULL, NULL, NULL, NULL, 'TODA', 'expression', NULL, NULL, NULL, NULL, NULL, NULL);
INSERT INTO `sys_rule_action_param` VALUES ('RAP-385bbe58:1703cf84752:-2359', 'RA-385bbe58:1703cf84752:-235b', 'enterprise.actions.AskInfo.name', NULL, NULL, NULL, NULL, NULL, NULL, NULL, 'ASK_RES_NO', 'ASK_RES_NO', NULL, NULL, NULL);
INSERT INTO `sys_rule_action_param` VALUES ('RAP-385bbe58:1703cf84752:-235a', 'RA-385bbe58:1703cf84752:-235b', 'enterprise.actions.AskInfo.value', NULL, NULL, NULL, NULL, NULL, NULL, NULL, NULL, NULL, NULL, NULL, NULL);
INSERT INTO `sys_rule_action_param` VALUES ('RAP-385bbe58:1703cf84752:-235c', 'RA-385bbe58:1703cf84752:-235e', 'enterprise.actions.AskInfo.name', NULL, NULL, NULL, NULL, NULL, NULL, NULL, 'ASK_RES_DATE', 'ASK_RES_DATE', NULL, NULL, NULL);
INSERT INTO `sys_rule_action_param` VALUES ('RAP-385bbe58:1703cf84752:-235d', 'RA-385bbe58:1703cf84752:-235e', 'enterprise.actions.AskInfo.value', NULL, NULL, NULL, NULL, NULL, NULL, NULL, NULL, NULL, NULL, NULL, NULL);
INSERT INTO `sys_rule_action_param` VALUES ('RAP-4dcceae8:16f56c822b6:-7fd5', 'RA-4dcceae8:16f56c822b6:-7fd8', 'treasury.actions.AddBillItem.billcode', NULL, NULL, NULL, NULL, NULL, NULL, NULL, 'SUBACCT7013cabe:1292455dafd:-7ee0', 'MTOP MAYOR PERMIT', NULL, NULL, NULL);
INSERT INTO `sys_rule_action_param` VALUES ('RAP-4dcceae8:16f56c822b6:-7fd6', 'RA-4dcceae8:16f56c822b6:-7fd8', 'treasury.actions.AddBillItem.amount', NULL, NULL, NULL, NULL, '750', 'expression', NULL, NULL, NULL, NULL, NULL, NULL);
INSERT INTO `sys_rule_action_param` VALUES ('RAP-4dcceae8:16f56c822b6:-7fd7', 'RA-4dcceae8:16f56c822b6:-7fd8', 'treasury.actions.AddBillItem.year', NULL, NULL, NULL, NULL, 'YR', 'expression', NULL, NULL, NULL, NULL, NULL, NULL);
INSERT INTO `sys_rule_action_param` VALUES ('RAP-4dcceae8:16f56c822b6:-7fd9', 'RA-4dcceae8:16f56c822b6:-7fdc', 'treasury.actions.AddBillItem.billcode', NULL, NULL, NULL, NULL, NULL, NULL, NULL, 'SUBACCT7013cabe:1292455dafd:-7e64', 'MTOP POLICE CLEARANCE', NULL, NULL, NULL);
INSERT INTO `sys_rule_action_param` VALUES ('RAP-4dcceae8:16f56c822b6:-7fda', 'RA-4dcceae8:16f56c822b6:-7fdc', 'treasury.actions.AddBillItem.amount', NULL, NULL, NULL, NULL, '75', 'expression', NULL, NULL, NULL, NULL, NULL, NULL);
INSERT INTO `sys_rule_action_param` VALUES ('RAP-4dcceae8:16f56c822b6:-7fdb', 'RA-4dcceae8:16f56c822b6:-7fdc', 'treasury.actions.AddBillItem.year', NULL, NULL, NULL, NULL, 'YR', 'expression', NULL, NULL, NULL, NULL, NULL, NULL);
INSERT INTO `sys_rule_action_param` VALUES ('RAP-4dcceae8:16f56c822b6:-7fdd', 'RA-4dcceae8:16f56c822b6:-7fe0', 'treasury.actions.AddBillItem.billcode', NULL, NULL, NULL, NULL, NULL, NULL, NULL, 'SUBACCT7013cabe:1292455dafd:-7e9e', 'MTOP STICKER', NULL, NULL, NULL);
INSERT INTO `sys_rule_action_param` VALUES ('RAP-4dcceae8:16f56c822b6:-7fde', 'RA-4dcceae8:16f56c822b6:-7fe0', 'treasury.actions.AddBillItem.amount', NULL, NULL, NULL, NULL, '30', 'expression', NULL, NULL, NULL, NULL, NULL, NULL);
INSERT INTO `sys_rule_action_param` VALUES ('RAP-4dcceae8:16f56c822b6:-7fdf', 'RA-4dcceae8:16f56c822b6:-7fe0', 'treasury.actions.AddBillItem.year', NULL, NULL, NULL, NULL, 'YR', 'expression', NULL, NULL, NULL, NULL, NULL, NULL);
INSERT INTO `sys_rule_action_param` VALUES ('RAP-4dcceae8:16f56c822b6:-7fe1', 'RA-4dcceae8:16f56c822b6:-7fe4', 'treasury.actions.AddBillItem.billcode', NULL, NULL, NULL, NULL, NULL, NULL, NULL, 'ITMACCT-76a561c8:158ddc64b60:-7392', 'MTOP-ESPF', NULL, NULL, NULL);
INSERT INTO `sys_rule_action_param` VALUES ('RAP-4dcceae8:16f56c822b6:-7fe2', 'RA-4dcceae8:16f56c822b6:-7fe4', 'treasury.actions.AddBillItem.amount', NULL, NULL, NULL, NULL, '75', 'expression', NULL, NULL, NULL, NULL, NULL, NULL);
INSERT INTO `sys_rule_action_param` VALUES ('RAP-4dcceae8:16f56c822b6:-7fe3', 'RA-4dcceae8:16f56c822b6:-7fe4', 'treasury.actions.AddBillItem.year', NULL, NULL, NULL, NULL, 'YR', 'expression', NULL, NULL, NULL, NULL, NULL, NULL);
INSERT INTO `sys_rule_action_param` VALUES ('RAP-4dcceae8:16f56c822b6:-7fe5', 'RA-4dcceae8:16f56c822b6:-7fe8', 'treasury.actions.AddBillItem.billcode', NULL, NULL, NULL, NULL, NULL, NULL, NULL, 'ITMACCT56c2dc75:15d829b906d:-6dc3', 'MTOP- ANNUAL FRANCHISE SUPERVISORY FEE', NULL, NULL, NULL);
INSERT INTO `sys_rule_action_param` VALUES ('RAP-4dcceae8:16f56c822b6:-7fe6', 'RA-4dcceae8:16f56c822b6:-7fe8', 'treasury.actions.AddBillItem.amount', NULL, NULL, NULL, NULL, '250', 'expression', NULL, NULL, NULL, NULL, NULL, NULL);
INSERT INTO `sys_rule_action_param` VALUES ('RAP-4dcceae8:16f56c822b6:-7fe7', 'RA-4dcceae8:16f56c822b6:-7fe8', 'treasury.actions.AddBillItem.year', NULL, NULL, NULL, NULL, 'YR	', 'expression', NULL, NULL, NULL, NULL, NULL, NULL);
INSERT INTO `sys_rule_action_param` VALUES ('RAP-4dcceae8:16f56c822b6:-7fe9', 'RA-4dcceae8:16f56c822b6:-7fec', 'treasury.actions.AddBillItem.billcode', NULL, NULL, NULL, NULL, NULL, NULL, NULL, 'ITMACCT56c2dc75:15d829b906d:-6f81', 'MTOP-LABORATORY FEE', NULL, NULL, NULL);
INSERT INTO `sys_rule_action_param` VALUES ('RAP-4dcceae8:16f56c822b6:-7fea', 'RA-4dcceae8:16f56c822b6:-7fec', 'treasury.actions.AddBillItem.amount', NULL, NULL, NULL, NULL, '@IIF( OWNER_DRIVER == true ,  130,  260 )', 'expression', NULL, NULL, NULL, NULL, NULL, NULL);
INSERT INTO `sys_rule_action_param` VALUES ('RAP-4dcceae8:16f56c822b6:-7feb', 'RA-4dcceae8:16f56c822b6:-7fec', 'treasury.actions.AddBillItem.year', NULL, NULL, NULL, NULL, 'YR', 'expression', NULL, NULL, NULL, NULL, NULL, NULL);
INSERT INTO `sys_rule_action_param` VALUES ('RAP-4dcceae8:16f56c822b6:-7fed', 'RA-4dcceae8:16f56c822b6:-7ff0', 'treasury.actions.AddBillItem.billcode', NULL, NULL, NULL, NULL, NULL, NULL, NULL, 'ITMACCT56c2dc75:15d829b906d:-6f69', 'MTOP-OCCUPATIONAL CALLING', NULL, NULL, NULL);
INSERT INTO `sys_rule_action_param` VALUES ('RAP-4dcceae8:16f56c822b6:-7fee', 'RA-4dcceae8:16f56c822b6:-7ff0', 'treasury.actions.AddBillItem.amount', NULL, NULL, NULL, NULL, '@IIF( OWNER_DRIVER == true , 100,200  )', 'expression', NULL, NULL, NULL, NULL, NULL, NULL);
INSERT INTO `sys_rule_action_param` VALUES ('RAP-4dcceae8:16f56c822b6:-7fef', 'RA-4dcceae8:16f56c822b6:-7ff0', 'treasury.actions.AddBillItem.year', NULL, NULL, NULL, NULL, 'YR', 'expression', NULL, NULL, NULL, NULL, NULL, NULL);
INSERT INTO `sys_rule_action_param` VALUES ('RAP-4dcceae8:16f56c822b6:-7ff9', 'RA-4dcceae8:16f56c822b6:-7ffb', 'enterprise.actions.AskInfo.name', NULL, NULL, NULL, NULL, NULL, NULL, NULL, 'IS_OWNER_DRIVER', 'IS_OWNER_DRIVER', NULL, NULL, NULL);
INSERT INTO `sys_rule_action_param` VALUES ('RAP-4dcceae8:16f56c822b6:-7ffa', 'RA-4dcceae8:16f56c822b6:-7ffb', 'enterprise.actions.AskInfo.value', NULL, NULL, NULL, NULL, 'false', 'expression', NULL, NULL, NULL, NULL, NULL, NULL);
INSERT INTO `sys_rule_action_param` VALUES ('RAP-4dcceae8:16f56c822b6:-7ffc', 'RA-4dcceae8:16f56c822b6:-7ffe', 'enterprise.actions.AskInfo.name', NULL, NULL, NULL, NULL, NULL, NULL, NULL, 'IS_ADDITIONAL_UNIT', 'IS_ADDITIONAL_UNIT', NULL, NULL, NULL);
INSERT INTO `sys_rule_action_param` VALUES ('RAP-4dcceae8:16f56c822b6:-7ffd', 'RA-4dcceae8:16f56c822b6:-7ffe', 'enterprise.actions.AskInfo.value', NULL, NULL, NULL, NULL, 'false', 'expression', NULL, NULL, NULL, NULL, NULL, NULL);
INSERT INTO `sys_rule_action_param` VALUES ('RAP1bc453a0:17051255e61:5920', 'RA1bc453a0:17051255e61:591f', 'treasury.actions.AddBillItem.amount', NULL, NULL, NULL, NULL, '100', 'expression', NULL, NULL, NULL, NULL, NULL, NULL);
INSERT INTO `sys_rule_action_param` VALUES ('RAP1bc453a0:17051255e61:5921', 'RA1bc453a0:17051255e61:591f', 'treasury.actions.AddBillItem.account', NULL, NULL, NULL, NULL, NULL, NULL, NULL, 'ITMACCT-7b4bfac9:1689d269c8e:-4d6a', 'CERTIFICATION FEE - TRICYCLE', NULL, NULL, NULL);
INSERT INTO `sys_rule_action_param` VALUES ('RAP1bc453a0:17051255e61:5923', 'RA1bc453a0:17051255e61:5922', 'treasury.actions.AddBillItem.amount', NULL, NULL, NULL, NULL, '150', 'expression', NULL, NULL, NULL, NULL, NULL, NULL);
INSERT INTO `sys_rule_action_param` VALUES ('RAP1bc453a0:17051255e61:5924', 'RA1bc453a0:17051255e61:5922', 'treasury.actions.AddBillItem.account', NULL, NULL, NULL, NULL, NULL, NULL, NULL, 'FTFA00000225', 'REPRINTING OF FRANCHISE (TRICYCLE)', NULL, NULL, NULL);
INSERT INTO `sys_rule_action_param` VALUES ('RAP1bc453a0:17051255e61:5926', 'RA1bc453a0:17051255e61:5925', 'treasury.actions.AddBillItem.amount', NULL, NULL, NULL, NULL, '1500', 'expression', NULL, NULL, NULL, NULL, NULL, NULL);
INSERT INTO `sys_rule_action_param` VALUES ('RAP1bc453a0:17051255e61:5927', 'RA1bc453a0:17051255e61:5925', 'treasury.actions.AddBillItem.account', NULL, NULL, NULL, NULL, NULL, NULL, NULL, 'ITMACCT-1ff01549:159fe1f0e1a:-7c30', 'TRANSFER FEE (TRICYCLE) BY SALE', NULL, NULL, NULL);
INSERT INTO `sys_rule_action_param` VALUES ('RAP1bc453a0:17051255e61:5b66', 'RA1bc453a0:17051255e61:5b65', 'treasury.actions.AddBillItem.account', NULL, NULL, NULL, NULL, NULL, NULL, NULL, 'FTFA00000151', 'TRANSFER FEE (TRICYCLE- DONATION)', NULL, NULL, NULL);
INSERT INTO `sys_rule_action_param` VALUES ('RAP1bc453a0:17051255e61:5b67', 'RA1bc453a0:17051255e61:5b65', 'treasury.actions.AddBillItem.amount', NULL, NULL, NULL, NULL, '400', 'expression', NULL, NULL, NULL, NULL, NULL, NULL);
INSERT INTO `sys_rule_action_param` VALUES ('RAP1bc453a0:17051255e61:5b69', 'RA1bc453a0:17051255e61:5b68', 'treasury.actions.AddBillItem.account', NULL, NULL, NULL, NULL, NULL, NULL, NULL, 'FTFA00000225', 'REPRINTING OF FRANCHISE (TRICYCLE)', NULL, NULL, NULL);
INSERT INTO `sys_rule_action_param` VALUES ('RAP1bc453a0:17051255e61:5b6a', 'RA1bc453a0:17051255e61:5b68', 'treasury.actions.AddBillItem.amount', NULL, NULL, NULL, NULL, '150', 'expression', NULL, NULL, NULL, NULL, NULL, NULL);
INSERT INTO `sys_rule_action_param` VALUES ('RAP1bc453a0:17051255e61:5b6c', 'RA1bc453a0:17051255e61:5b6b', 'treasury.actions.AddBillItem.account', NULL, NULL, NULL, NULL, NULL, NULL, NULL, 'ITMACCT-7b4bfac9:1689d269c8e:-4d6a', 'CERTIFICATION FEE - TRICYCLE', NULL, NULL, NULL);
INSERT INTO `sys_rule_action_param` VALUES ('RAP1bc453a0:17051255e61:5b6d', 'RA1bc453a0:17051255e61:5b6b', 'treasury.actions.AddBillItem.amount', NULL, NULL, NULL, NULL, '100', 'expression', NULL, NULL, NULL, NULL, NULL, NULL);
INSERT INTO `sys_rule_action_param` VALUES ('RAP22798ce5:164f39ff5c7:-7efa', 'RA22798ce5:164f39ff5c7:-7efc', 'treasury.actions.AddDueDate.date', NULL, NULL, NULL, NULL, '@DATE( YR ,12, 31)', 'expression', NULL, NULL, NULL, NULL, NULL, NULL);
INSERT INTO `sys_rule_action_param` VALUES ('RAP22798ce5:164f39ff5c7:-7efb', 'RA22798ce5:164f39ff5c7:-7efc', 'treasury.actions.AddDueDate.tag', 'expirydate', NULL, NULL, NULL, NULL, NULL, NULL, NULL, NULL, NULL, NULL, NULL);
INSERT INTO `sys_rule_action_param` VALUES ('RAP2a9de65:1689f41a72e:-7dbc', 'RA2a9de65:1689f41a72e:-7dbe', 'treasury.actions.AddBillItem.account', NULL, NULL, NULL, NULL, NULL, NULL, NULL, 'FTFA00000119', 'MAYOR\'S PERMIT FEE', NULL, NULL, NULL);
INSERT INTO `sys_rule_action_param` VALUES ('RAP2a9de65:1689f41a72e:-7dbd', 'RA2a9de65:1689f41a72e:-7dbe', 'treasury.actions.AddBillItem.amount', NULL, NULL, NULL, NULL, '100', 'expression', NULL, NULL, NULL, NULL, NULL, NULL);
INSERT INTO `sys_rule_action_param` VALUES ('RAP2a9de65:1689f41a72e:-7dbf', 'RA2a9de65:1689f41a72e:-7dc1', 'treasury.actions.AddBillItem.account', NULL, NULL, NULL, NULL, NULL, NULL, NULL, 'TFA10000075', 'STICKER (TRICYCLE)', NULL, NULL, NULL);
INSERT INTO `sys_rule_action_param` VALUES ('RAP2a9de65:1689f41a72e:-7dc0', 'RA2a9de65:1689f41a72e:-7dc1', 'treasury.actions.AddBillItem.amount', NULL, NULL, NULL, NULL, '68', 'expression', NULL, NULL, NULL, NULL, NULL, NULL);
INSERT INTO `sys_rule_action_param` VALUES ('RAP2a9de65:1689f41a72e:-7dc2', 'RA2a9de65:1689f41a72e:-7dc4', 'treasury.actions.AddBillItem.account', NULL, NULL, NULL, NULL, NULL, NULL, NULL, 'ITMACCT-7b4bfac9:1689d269c8e:-4d6a', 'CERTIFICATION FEE - TRICYCLE', NULL, NULL, NULL);
INSERT INTO `sys_rule_action_param` VALUES ('RAP2a9de65:1689f41a72e:-7dc3', 'RA2a9de65:1689f41a72e:-7dc4', 'treasury.actions.AddBillItem.amount', NULL, NULL, NULL, NULL, '100', 'expression', NULL, NULL, NULL, NULL, NULL, NULL);
INSERT INTO `sys_rule_action_param` VALUES ('RAP2a9de65:1689f41a72e:-7dc5', 'RA2a9de65:1689f41a72e:-7dc7', 'treasury.actions.AddBillItem.account', NULL, NULL, NULL, NULL, NULL, NULL, NULL, 'ITMACCT94de90:1569b335777:-7ba6', 'CERTIFICATION FEE (RPT)', NULL, NULL, NULL);
INSERT INTO `sys_rule_action_param` VALUES ('RAP2a9de65:1689f41a72e:-7dc6', 'RA2a9de65:1689f41a72e:-7dc7', 'treasury.actions.AddBillItem.amount', NULL, NULL, NULL, NULL, '100', 'expression', NULL, NULL, NULL, NULL, NULL, NULL);
INSERT INTO `sys_rule_action_param` VALUES ('RAP2a9de65:1689f41a72e:-7dc8', 'RA2a9de65:1689f41a72e:-7dca', 'treasury.actions.AddBillItem.account', NULL, NULL, NULL, NULL, NULL, NULL, NULL, 'TXFE00000014', 'HEALTH FEE', NULL, NULL, NULL);
INSERT INTO `sys_rule_action_param` VALUES ('RAP2a9de65:1689f41a72e:-7dc9', 'RA2a9de65:1689f41a72e:-7dca', 'treasury.actions.AddBillItem.amount', NULL, NULL, NULL, NULL, '100', 'expression', NULL, NULL, NULL, NULL, NULL, NULL);
INSERT INTO `sys_rule_action_param` VALUES ('RAP2a9de65:168a27ba3b4:-5911', 'RA2a9de65:168a27ba3b4:-5913', 'treasury.actions.AddBillItem.account', NULL, NULL, NULL, NULL, NULL, NULL, NULL, 'FTFA00000151', 'TRANSFER FEE (TRICYCLE- DONATION)', NULL, NULL, NULL);
INSERT INTO `sys_rule_action_param` VALUES ('RAP2a9de65:168a27ba3b4:-5912', 'RA2a9de65:168a27ba3b4:-5913', 'treasury.actions.AddBillItem.amount', NULL, NULL, NULL, NULL, '400', 'expression', NULL, NULL, NULL, NULL, NULL, NULL);
INSERT INTO `sys_rule_action_param` VALUES ('RAP437a7884:16f0efafa31:-7ff5', 'RA437a7884:16f0efafa31:-7ff8', 'treasury.actions.AddBillItem.year', NULL, NULL, NULL, NULL, 'YR', 'expression', NULL, NULL, NULL, NULL, NULL, NULL);
INSERT INTO `sys_rule_action_param` VALUES ('RAP437a7884:16f0efafa31:-7ff6', 'RA437a7884:16f0efafa31:-7ff8', 'treasury.actions.AddBillItem.billcode', NULL, NULL, NULL, NULL, NULL, NULL, NULL, '307-12', 'MTOP-DROPPING FEE', NULL, NULL, NULL);
INSERT INTO `sys_rule_action_param` VALUES ('RAP437a7884:16f0efafa31:-7ff7', 'RA437a7884:16f0efafa31:-7ff8', 'treasury.actions.AddBillItem.amount', NULL, NULL, NULL, NULL, '200', 'expression', NULL, NULL, NULL, NULL, NULL, NULL);
INSERT INTO `sys_rule_action_param` VALUES ('RAP60a398a2:1707f7ef07e:-72a3', 'RA60a398a2:1707f7ef07e:-72a6', 'treasury.actions.AddSurchargeItem.billitem', NULL, NULL, 'RC60a398a2:1707f7ef07e:-72ab', 'BILLITEM', NULL, NULL, NULL, NULL, NULL, NULL, NULL, NULL);
INSERT INTO `sys_rule_action_param` VALUES ('RAP60a398a2:1707f7ef07e:-72a4', 'RA60a398a2:1707f7ef07e:-72a6', NULL, NULL, NULL, NULL, NULL, NULL, NULL, NULL, 'SUBACCT-4f96d997:144ba133fac:-7c2d', 'FINES & PENALTIES - PERMIT & LICENSES - OTHERS (25% SURCHARGE )', NULL, NULL, NULL);
INSERT INTO `sys_rule_action_param` VALUES ('RAP60a398a2:1707f7ef07e:-72a5', 'RA60a398a2:1707f7ef07e:-72a6', 'treasury.actions.AddSurchargeItem.amount', NULL, NULL, NULL, NULL, 'AMT * 0.25', 'expression', NULL, NULL, NULL, NULL, NULL, NULL);
INSERT INTO `sys_rule_action_param` VALUES ('RAP716ac8c6:16f0db01197:-7f9b', 'RA716ac8c6:16f0db01197:-7f9e', 'treasury.actions.AddBillItem.amount', NULL, NULL, NULL, NULL, '1000', 'expression', NULL, NULL, NULL, NULL, NULL, NULL);
INSERT INTO `sys_rule_action_param` VALUES ('RAP716ac8c6:16f0db01197:-7f9c', 'RA716ac8c6:16f0db01197:-7f9e', 'treasury.actions.AddBillItem.billcode', NULL, NULL, NULL, NULL, NULL, NULL, NULL, '307-17', 'MTOP-CHANGE UNIT', NULL, NULL, NULL);
INSERT INTO `sys_rule_action_param` VALUES ('RAP716ac8c6:16f0db01197:-7f9d', 'RA716ac8c6:16f0db01197:-7f9e', 'treasury.actions.AddBillItem.year', NULL, NULL, NULL, NULL, 'YR', 'expression', NULL, NULL, NULL, NULL, NULL, NULL);
INSERT INTO `sys_rule_action_param` VALUES ('RAP716ac8c6:16f0db01197:-7fa4', 'RA716ac8c6:16f0db01197:-7fa7', 'treasury.actions.AddBillItem.year', NULL, NULL, NULL, NULL, 'YR', 'expression', NULL, NULL, NULL, NULL, NULL, NULL);
INSERT INTO `sys_rule_action_param` VALUES ('RAP716ac8c6:16f0db01197:-7fa5', 'RA716ac8c6:16f0db01197:-7fa7', 'treasury.actions.AddBillItem.billcode', NULL, NULL, NULL, NULL, NULL, NULL, NULL, '307-15', 'CHANGE OWNER', NULL, NULL, NULL);
INSERT INTO `sys_rule_action_param` VALUES ('RAP716ac8c6:16f0db01197:-7fa6', 'RA716ac8c6:16f0db01197:-7fa7', 'treasury.actions.AddBillItem.amount', NULL, NULL, NULL, NULL, '1000', 'expression', NULL, NULL, NULL, NULL, NULL, NULL);
INSERT INTO `sys_rule_action_param` VALUES ('RULACT-13e7ffc3:16c88adffee:-7a42', 'RACT-13e7ffc3:16c88adffee:-7a6a', 'treasury.actions.AddVarDate.date', NULL, NULL, NULL, NULL, 'int yr = @YEAR( APPDATE  );\nint mon = @MONTH( APPDATE  );\nint day = @DAY( APPDATE  );\nif( mon < 10 ) {\n     return @DATE( yr , 10,  31 );    \n};\nelse {\n     return @DATE( yr + 1, 10, 31 );\n};', 'expression', NULL, NULL, NULL, NULL, NULL, NULL);
INSERT INTO `sys_rule_action_param` VALUES ('RULACT-13e7ffc3:16c88adffee:-7a58', 'RACT-13e7ffc3:16c88adffee:-7a6a', 'treasury.actions.AddVarDate.tag', 'expirydate', NULL, NULL, NULL, NULL, NULL, NULL, NULL, NULL, NULL, NULL, NULL);
INSERT INTO `sys_rule_action_param` VALUES ('RULACT-14e42a95:16f708fffae:-76e5', 'RACT-14e42a95:16f708fffae:-773d', 'treasury.actions.SetBillItemProperty.value', NULL, NULL, NULL, NULL, 'EXDATE', 'expression', NULL, NULL, NULL, NULL, NULL, NULL);
INSERT INTO `sys_rule_action_param` VALUES ('RULACT-14e42a95:16f708fffae:-7706', 'RACT-14e42a95:16f708fffae:-773d', 'treasury.actions.SetBillItemProperty.fieldname', 'duedate', NULL, NULL, NULL, NULL, NULL, NULL, NULL, NULL, NULL, NULL, NULL);
INSERT INTO `sys_rule_action_param` VALUES ('RULACT-14e42a95:16f708fffae:-7725', 'RACT-14e42a95:16f708fffae:-773d', 'treasury.actions.SetBillItemProperty.billitem', NULL, NULL, 'RCOND-14e42a95:16f708fffae:-79d1', 'BILLITEM', NULL, NULL, NULL, NULL, NULL, NULL, NULL, NULL);
INSERT INTO `sys_rule_action_param` VALUES ('RULACT-25db62ba:16f564df79a:-7336', 'RACT-25db62ba:16f564df79a:-7342', 'treasury.actions.RemoveBillItem.billitem', NULL, NULL, 'RCOND-25db62ba:16f564df79a:-73ff', 'BILLITEM', NULL, NULL, NULL, NULL, NULL, NULL, NULL, NULL);
INSERT INTO `sys_rule_action_param` VALUES ('RULACT-2926b8f1:16f82c67f3c:-76b0', 'RACT-2926b8f1:16f82c67f3c:-76d8', 'treasury.actions.AddVarDate.date', NULL, NULL, NULL, NULL, 'int yr = @YEAR(FDATE);\nint mon = @MONTH(FDATE);\nint day = @DAY(FDATE);\nreturn @DATE( yr + 3, mon, day );', 'expression', NULL, NULL, NULL, NULL, NULL, NULL);
INSERT INTO `sys_rule_action_param` VALUES ('RULACT-2926b8f1:16f82c67f3c:-76c6', 'RACT-2926b8f1:16f82c67f3c:-76d8', 'treasury.actions.AddVarDate.tag', 'nextfranchiserenewaldate', NULL, NULL, NULL, NULL, NULL, NULL, NULL, NULL, NULL, NULL, NULL);
INSERT INTO `sys_rule_action_param` VALUES ('RULACT-2af3ebe6:168a26aa806:-61aa', 'RACT-2af3ebe6:168a26aa806:-6205', 'treasury.actions.AddBillItem.amount', NULL, NULL, NULL, NULL, '1500', 'expression', NULL, NULL, NULL, NULL, NULL, NULL);
INSERT INTO `sys_rule_action_param` VALUES ('RULACT-2af3ebe6:168a26aa806:-61e5', 'RACT-2af3ebe6:168a26aa806:-6205', 'treasury.actions.AddBillItem.account', NULL, NULL, NULL, NULL, NULL, NULL, NULL, 'ITMACCT-1ff01549:159fe1f0e1a:-7c30', 'TRANSFER FEE (TRICYCLE) BY SALE', NULL, NULL, NULL);
INSERT INTO `sys_rule_action_param` VALUES ('RULACT-2af3ebe6:168a26aa806:-6485', 'RACT-2af3ebe6:168a26aa806:-64b8', 'enterprise.actions.AskInfo.value', NULL, NULL, NULL, NULL, 'false', 'expression', NULL, NULL, NULL, NULL, NULL, NULL);
INSERT INTO `sys_rule_action_param` VALUES ('RULACT-2af3ebe6:168a26aa806:-64aa', 'RACT-2af3ebe6:168a26aa806:-64b8', 'enterprise.actions.AskInfo.name', NULL, NULL, NULL, NULL, NULL, NULL, NULL, 'CHANGE_OWNER_THRU_SALE', 'CHANGE_OWNER_THRU_SALE', NULL, NULL, NULL);
INSERT INTO `sys_rule_action_param` VALUES ('RULACT-2af3ebe6:168a26aa806:-65f1', 'RACT-2af3ebe6:168a26aa806:-6642', 'enterprise.actions.AskInfo.value', NULL, NULL, NULL, NULL, NULL, NULL, NULL, NULL, NULL, NULL, NULL, NULL);
INSERT INTO `sys_rule_action_param` VALUES ('RULACT-2af3ebe6:168a26aa806:-6634', 'RACT-2af3ebe6:168a26aa806:-6642', 'enterprise.actions.AskInfo.name', NULL, NULL, NULL, NULL, NULL, NULL, NULL, 'ASK_RES_DATE', 'ASK_RES_DATE', NULL, NULL, NULL);
INSERT INTO `sys_rule_action_param` VALUES ('RULACT-2af3ebe6:168a26aa806:-667b', 'RACT-2af3ebe6:168a26aa806:-66ae', 'enterprise.actions.AskInfo.value', NULL, NULL, NULL, NULL, NULL, NULL, NULL, NULL, NULL, NULL, NULL, NULL);
INSERT INTO `sys_rule_action_param` VALUES ('RULACT-2af3ebe6:168a26aa806:-66a0', 'RACT-2af3ebe6:168a26aa806:-66ae', 'enterprise.actions.AskInfo.name', NULL, NULL, NULL, NULL, NULL, NULL, NULL, 'ASK_RES_NO', 'ASK_RES_NO', NULL, NULL, NULL);
INSERT INTO `sys_rule_action_param` VALUES ('RULACT-2af3ebe6:168a26aa806:-66ec', 'RACT-2af3ebe6:168a26aa806:-671d', 'enterprise.actions.AskInfo.value', NULL, NULL, NULL, NULL, 'TODA', 'expression', NULL, NULL, NULL, NULL, NULL, NULL);
INSERT INTO `sys_rule_action_param` VALUES ('RULACT-2af3ebe6:168a26aa806:-670f', 'RACT-2af3ebe6:168a26aa806:-671d', 'enterprise.actions.AskInfo.name', NULL, NULL, NULL, NULL, NULL, NULL, NULL, 'ASK_TODA', 'ASK_TODA', NULL, NULL, NULL);
INSERT INTO `sys_rule_action_param` VALUES ('RULACT-2af3ebe6:168a26aa806:-6bc1', 'RACT-2af3ebe6:168a26aa806:-6c1a', 'treasury.actions.AddBillItem.amount', NULL, NULL, NULL, NULL, '100', 'expression', NULL, NULL, NULL, NULL, NULL, NULL);
INSERT INTO `sys_rule_action_param` VALUES ('RULACT-2af3ebe6:168a26aa806:-6bfa', 'RACT-2af3ebe6:168a26aa806:-6c1a', 'treasury.actions.AddBillItem.account', NULL, NULL, NULL, NULL, NULL, NULL, NULL, 'ITMACCT-7b4bfac9:1689d269c8e:-4d6a', 'CERTIFICATION FEE - TRICYCLE', NULL, NULL, NULL);
INSERT INTO `sys_rule_action_param` VALUES ('RULACT-2af3ebe6:168a26aa806:-6c5c', 'RACT-2af3ebe6:168a26aa806:-6cbd', 'treasury.actions.AddBillItem.amount', NULL, NULL, NULL, NULL, '150', 'expression', NULL, NULL, NULL, NULL, NULL, NULL);
INSERT INTO `sys_rule_action_param` VALUES ('RULACT-2af3ebe6:168a26aa806:-6c95', 'RACT-2af3ebe6:168a26aa806:-6cbd', 'treasury.actions.AddBillItem.account', NULL, NULL, NULL, NULL, NULL, NULL, NULL, 'FTFA00000225', 'REPRINTING OF FRANCHISE (TRICYCLE)', NULL, NULL, NULL);
INSERT INTO `sys_rule_action_param` VALUES ('RULACT-2af3ebe6:168a26aa806:-754d', 'RACT-2af3ebe6:168a26aa806:-75b9', 'treasury.actions.AddSurchargeItem.amount', NULL, NULL, NULL, NULL, 'AMT * 0.25', 'expression', NULL, NULL, NULL, NULL, NULL, NULL);
INSERT INTO `sys_rule_action_param` VALUES ('RULACT-2af3ebe6:168a26aa806:-7582', 'RACT-2af3ebe6:168a26aa806:-75b9', NULL, NULL, NULL, NULL, NULL, NULL, NULL, NULL, 'SUBACCT-4f96d997:144ba133fac:-7c2d', 'FINES & PENALTIES - PERMIT & LICENSES - OTHERS (25% SURCHARGE )', NULL, NULL, NULL);
INSERT INTO `sys_rule_action_param` VALUES ('RULACT-2af3ebe6:168a26aa806:-75a0', 'RACT-2af3ebe6:168a26aa806:-75b9', 'treasury.actions.AddSurchargeItem.billitem', NULL, NULL, 'RCOND-2af3ebe6:168a26aa806:-79ca', 'BILLITEM', NULL, NULL, NULL, NULL, NULL, NULL, NULL, NULL);
INSERT INTO `sys_rule_action_param` VALUES ('RULACT-3d6f3345:164f3a00ffa:-7893', 'RACT-3d6f3345:164f3a00ffa:-79af', 'treasury.actions.AddDueDate.tag', 'renewaldate', NULL, NULL, NULL, NULL, NULL, NULL, NULL, NULL, NULL, NULL, NULL);
INSERT INTO `sys_rule_action_param` VALUES ('RULACT-3d6f3345:164f3a00ffa:-799f', 'RACT-3d6f3345:164f3a00ffa:-79af', 'treasury.actions.AddDueDate.date', NULL, NULL, NULL, NULL, '@DATE( YR+1 ,1, 1)', 'expression', NULL, NULL, NULL, NULL, NULL, NULL);
INSERT INTO `sys_rule_action_param` VALUES ('RULACT-79820a3e:16f0c625123:-63b2', 'RACT-79820a3e:16f0c625123:-63da', 'treasury.actions.AddVarDate.date', NULL, NULL, NULL, NULL, '@DATE( YR + 1, 10, 31 )', 'expression', NULL, NULL, NULL, NULL, NULL, NULL);
INSERT INTO `sys_rule_action_param` VALUES ('RULACT-79820a3e:16f0c625123:-63c8', 'RACT-79820a3e:16f0c625123:-63da', 'treasury.actions.AddVarDate.tag', 'permitexpirydate', NULL, NULL, NULL, NULL, NULL, NULL, NULL, NULL, NULL, NULL, NULL);
INSERT INTO `sys_rule_action_param` VALUES ('RULACT17933c33:16f0d58ef1c:-6e13', 'RACT17933c33:16f0d58ef1c:-6f00', 'treasury.actions.AddBillItem.amount', NULL, NULL, NULL, NULL, '100', 'expression', NULL, NULL, NULL, NULL, NULL, NULL);
INSERT INTO `sys_rule_action_param` VALUES ('RULACT17933c33:16f0d58ef1c:-6e45', 'RACT17933c33:16f0d58ef1c:-6f00', 'treasury.actions.AddBillItem.billcode', NULL, NULL, NULL, NULL, NULL, NULL, NULL, 'SIDECAR_PLATENO', 'PLATENO FOR SIDECAR', NULL, NULL, NULL);
INSERT INTO `sys_rule_action_param` VALUES ('RULACT17933c33:16f0d58ef1c:-6e92', 'RACT17933c33:16f0d58ef1c:-6f00', 'treasury.actions.AddBillItem.year', NULL, NULL, NULL, NULL, 'YR', 'expression', NULL, NULL, NULL, NULL, NULL, NULL);
INSERT INTO `sys_rule_action_param` VALUES ('RULACT351e5058:16f0df7bfd7:-74ee', 'RACT351e5058:16f0df7bfd7:-75a2', 'treasury.actions.AddBillItem.amount', NULL, NULL, NULL, NULL, '1000', 'expression', NULL, NULL, NULL, NULL, NULL, NULL);
INSERT INTO `sys_rule_action_param` VALUES ('RULACT351e5058:16f0df7bfd7:-7523', 'RACT351e5058:16f0df7bfd7:-75a2', 'treasury.actions.AddBillItem.billcode', NULL, NULL, NULL, NULL, NULL, NULL, NULL, '307-17', 'MTOP-CHANGE UNIT', NULL, NULL, NULL);
INSERT INTO `sys_rule_action_param` VALUES ('RULACT351e5058:16f0df7bfd7:-756f', 'RACT351e5058:16f0df7bfd7:-75a2', 'treasury.actions.AddBillItem.year', NULL, NULL, NULL, NULL, 'YR', 'expression', NULL, NULL, NULL, NULL, NULL, NULL);
INSERT INTO `sys_rule_action_param` VALUES ('RULACT3cf2bbd6:16ef4232a61:-7bf2', 'RACT3cf2bbd6:16ef4232a61:-7bfe', 'treasury.actions.ApplyPayment.payment', NULL, NULL, 'RCOND3cf2bbd6:16ef4232a61:-7cd0', 'PMT', NULL, NULL, NULL, NULL, NULL, NULL, NULL, NULL);
INSERT INTO `sys_rule_action_param` VALUES ('RULACT47877165:16c88fc2ebc:-7be1', 'RACT4adb13dd:16c88dfc11c:-7475', 'treasury.actions.SetBillItemProperty.billitem', NULL, NULL, 'RCOND4adb13dd:16c88dfc11c:-7ac9', 'BILLITEM', NULL, NULL, NULL, NULL, NULL, NULL, NULL, NULL);
INSERT INTO `sys_rule_action_param` VALUES ('RULACT4adb13dd:16c88dfc11c:-7424', 'RACT4adb13dd:16c88dfc11c:-7475', 'treasury.actions.SetBillItemProperty.value', NULL, NULL, NULL, NULL, 'def dt = @DATE( YR, 1 , 20 );\nreturn @FINDNEXTWORKDAY( dt ,  HOLIDAYS, 1 );', 'expression', NULL, NULL, NULL, NULL, NULL, NULL);
INSERT INTO `sys_rule_action_param` VALUES ('RULACT4adb13dd:16c88dfc11c:-7456', 'RACT4adb13dd:16c88dfc11c:-7475', 'treasury.actions.SetBillItemProperty.fieldname', 'duedate', NULL, NULL, NULL, NULL, NULL, NULL, NULL, NULL, NULL, NULL, NULL);
INSERT INTO `sys_rule_action_param` VALUES ('RULACT4e9b2048:16f0da608f1:-71fc', 'RACT4e9b2048:16f0da608f1:-7c28', 'treasury.actions.AddBillItem.amount', NULL, NULL, NULL, NULL, '@MONTHDIFF(  @DATE( YR-1 , 11 , 1 ),  CDATE, 1 )  * 300', 'expression', NULL, NULL, NULL, NULL, NULL, NULL);
INSERT INTO `sys_rule_action_param` VALUES ('RULACT4e9b2048:16f0da608f1:-722f', 'RACT4e9b2048:16f0da608f1:-7c28', 'treasury.actions.AddBillItem.billcode', NULL, NULL, NULL, NULL, NULL, NULL, NULL, 'VEHICLE_PENALTY', 'PENALTY', NULL, NULL, NULL);
INSERT INTO `sys_rule_action_param` VALUES ('RULACT4e9b2048:16f0da608f1:-7bee', 'RACT4e9b2048:16f0da608f1:-7c28', 'treasury.actions.AddBillItem.year', NULL, NULL, NULL, NULL, 'YR', 'expression', NULL, NULL, NULL, NULL, NULL, NULL);
INSERT INTO `sys_rule_action_param` VALUES ('RULACT5aee1e82:1689f44f26b:-6a49', 'RACT5aee1e82:1689f44f26b:-6ab4', 'treasury.actions.AddBillItem.amount', NULL, NULL, NULL, NULL, '400', 'expression', NULL, NULL, NULL, NULL, NULL, NULL);
INSERT INTO `sys_rule_action_param` VALUES ('RULACT5aee1e82:1689f44f26b:-6a8c', 'RACT5aee1e82:1689f44f26b:-6ab4', 'treasury.actions.AddBillItem.account', NULL, NULL, NULL, NULL, NULL, NULL, NULL, 'TFA10000114', 'FRANCHISE FEE (TRICYCLE )', NULL, NULL, NULL);
INSERT INTO `sys_rule_action_param` VALUES ('RULACT5aee1e82:1689f44f26b:-6c00', 'RACT5aee1e82:1689f44f26b:-6c69', 'treasury.actions.AddBillItem.amount', NULL, NULL, NULL, NULL, '100', 'expression', NULL, NULL, NULL, NULL, NULL, NULL);
INSERT INTO `sys_rule_action_param` VALUES ('RULACT5aee1e82:1689f44f26b:-6c41', 'RACT5aee1e82:1689f44f26b:-6c69', 'treasury.actions.AddBillItem.account', NULL, NULL, NULL, NULL, NULL, NULL, NULL, 'TXFE00000014', 'HEALTH FEE', NULL, NULL, NULL);
INSERT INTO `sys_rule_action_param` VALUES ('RULACT5aee1e82:1689f44f26b:-6cab', 'RACT5aee1e82:1689f44f26b:-6d14', 'treasury.actions.AddBillItem.amount', NULL, NULL, NULL, NULL, '100', 'expression', NULL, NULL, NULL, NULL, NULL, NULL);
INSERT INTO `sys_rule_action_param` VALUES ('RULACT5aee1e82:1689f44f26b:-6cec', 'RACT5aee1e82:1689f44f26b:-6d14', 'treasury.actions.AddBillItem.account', NULL, NULL, NULL, NULL, NULL, NULL, NULL, 'ITMACCT94de90:1569b335777:-7ba6', 'CERTIFICATION FEE (RPT)', NULL, NULL, NULL);
INSERT INTO `sys_rule_action_param` VALUES ('RULACT5aee1e82:1689f44f26b:-6d56', 'RACT5aee1e82:1689f44f26b:-6dbf', 'treasury.actions.AddBillItem.amount', NULL, NULL, NULL, NULL, '100', 'expression', NULL, NULL, NULL, NULL, NULL, NULL);
INSERT INTO `sys_rule_action_param` VALUES ('RULACT5aee1e82:1689f44f26b:-6d97', 'RACT5aee1e82:1689f44f26b:-6dbf', 'treasury.actions.AddBillItem.account', NULL, NULL, NULL, NULL, NULL, NULL, NULL, 'ITMACCT-7b4bfac9:1689d269c8e:-4d6a', 'CERTIFICATION FEE - TRICYCLE', NULL, NULL, NULL);
INSERT INTO `sys_rule_action_param` VALUES ('RULACT5aee1e82:1689f44f26b:-6e01', 'RACT5aee1e82:1689f44f26b:-6e6c', 'treasury.actions.AddBillItem.amount', NULL, NULL, NULL, NULL, '68', 'expression', NULL, NULL, NULL, NULL, NULL, NULL);
INSERT INTO `sys_rule_action_param` VALUES ('RULACT5aee1e82:1689f44f26b:-6e44', 'RACT5aee1e82:1689f44f26b:-6e6c', 'treasury.actions.AddBillItem.account', NULL, NULL, NULL, NULL, NULL, NULL, NULL, 'TFA10000075', 'STICKER (TRICYCLE)', NULL, NULL, NULL);
INSERT INTO `sys_rule_action_param` VALUES ('RULACT5aee1e82:1689f44f26b:-6eae', 'RACT5aee1e82:1689f44f26b:-6f19', 'treasury.actions.AddBillItem.amount', NULL, NULL, NULL, NULL, '100', 'expression', NULL, NULL, NULL, NULL, NULL, NULL);
INSERT INTO `sys_rule_action_param` VALUES ('RULACT5aee1e82:1689f44f26b:-6ef1', 'RACT5aee1e82:1689f44f26b:-6f19', 'treasury.actions.AddBillItem.account', NULL, NULL, NULL, NULL, NULL, NULL, NULL, 'FTFA00000119', 'MAYOR\'S PERMIT FEE', NULL, NULL, NULL);
COMMIT;

-- ----------------------------
-- Table structure for sys_rule_actiondef
-- ----------------------------
DROP TABLE IF EXISTS `sys_rule_actiondef`;
CREATE TABLE `sys_rule_actiondef` (
  `objid` varchar(50) NOT NULL,
  `name` varchar(50) NOT NULL,
  `title` varchar(250) DEFAULT NULL,
  `sortorder` int(11) DEFAULT NULL,
  `actionname` varchar(50) DEFAULT NULL,
  `domain` varchar(50) DEFAULT NULL,
  `actionclass` varchar(255) DEFAULT NULL,
  PRIMARY KEY (`objid`) USING BTREE
) ENGINE=InnoDB DEFAULT CHARSET=utf8;

-- ----------------------------
-- Records of sys_rule_actiondef
-- ----------------------------
BEGIN;
INSERT INTO `sys_rule_actiondef` VALUES ('enterprise.actions.AddInfo', 'add-info', 'Add Info', 0, 'add-info', 'ENTERPRISE', 'enterprise.actions.AddInfo');
INSERT INTO `sys_rule_actiondef` VALUES ('enterprise.actions.AddRequirement', 'add-requirement', 'Add Requirement', 1, 'add-requirement', 'ENTERPRISE', 'enterprise.actions.AddRequirement');
INSERT INTO `sys_rule_actiondef` VALUES ('enterprise.actions.AddSystemInfo', 'add-systeminfo', 'Add System Info', 0, 'add-systeminfo', 'ENTERPRISE', 'enterprise.actions.AddSystemInfo');
INSERT INTO `sys_rule_actiondef` VALUES ('enterprise.actions.AskInfo', 'ask-info', 'Ask Info', 0, 'ask-info', 'ENTERPRISE', 'enterprise.actions.AskInfo');
INSERT INTO `sys_rule_actiondef` VALUES ('enterprise.actions.ThrowException', 'throw-exeception', 'Throw Exception', 1, 'throw-exeception', 'ENTERPRISE', 'enterprise.actions.ThrowException');
INSERT INTO `sys_rule_actiondef` VALUES ('treasury.actions.AddBillItem', 'add-billitem', 'Add Bill Item', 2, 'add-billitem', 'TREASURY', 'treasury.actions.AddBillItem');
INSERT INTO `sys_rule_actiondef` VALUES ('treasury.actions.AddDiscountItem', 'add-discount-item', 'Add Discount', 3, 'add-discount-item', 'TREASURY', 'treasury.actions.AddDiscountItem');
INSERT INTO `sys_rule_actiondef` VALUES ('treasury.actions.AddDueDate', 'add-duedate', 'Add Due Date', 1, 'add-duedate', 'TREASURY', 'treasury.actions.AddDueDate');
INSERT INTO `sys_rule_actiondef` VALUES ('treasury.actions.AddExcessBillItem', 'add-excess-billitem', 'Add Excess Bill Item', 2, 'add-excess-billitem', 'TREASURY', 'treasury.actions.AddExcessBillItem');
INSERT INTO `sys_rule_actiondef` VALUES ('treasury.actions.AddInterestItem', 'add-interest-item', 'Add Interest', 3, 'add-interest-item', 'TREASURY', 'treasury.actions.AddInterestItem');
INSERT INTO `sys_rule_actiondef` VALUES ('treasury.actions.AddSurchargeItem', 'add-surcharge-item', 'Add Surcharge', 3, 'add-surcharge-item', 'TREASURY', 'treasury.actions.AddSurchargeItem');
INSERT INTO `sys_rule_actiondef` VALUES ('treasury.actions.AddVarDate', 'add-vardate', 'Add Variable Date', 1, 'add-vardate', 'TREASURY', 'treasury.actions.AddVarDate');
INSERT INTO `sys_rule_actiondef` VALUES ('treasury.actions.AddVarDecimal', 'add-var-decimal', 'Add Var Decimal', 1, 'add-var-decimal', 'TREASURY', 'treasury.actions.AddVarDecimal');
INSERT INTO `sys_rule_actiondef` VALUES ('treasury.actions.AddVarInteger', 'add-var-integer', 'Add Var Integer', 1, 'add-var-integer', 'TREASURY', 'treasury.actions.AddVarInteger');
INSERT INTO `sys_rule_actiondef` VALUES ('treasury.actions.AddVarString', 'add-var-string', 'Add Var String', 1, 'add-var-string', 'TREASURY', 'treasury.actions.AddVarString');
INSERT INTO `sys_rule_actiondef` VALUES ('treasury.actions.ApplyPayment', 'apply-payment', 'Apply Payment', 5, 'apply-payment', 'TREASURY', 'treasury.actions.ApplyPayment');
INSERT INTO `sys_rule_actiondef` VALUES ('treasury.actions.RemoveBillItem', 'remove-billitem', 'Remove Bill Item', 1, 'remove-billitem', 'TREASURY', 'treasury.actions.RemoveBillItem');
INSERT INTO `sys_rule_actiondef` VALUES ('treasury.actions.SetBillItemAccount', 'set-billitem-account', 'Set Bill Item Account', 4, 'set-billitem-account', 'TREASURY', 'treasury.actions.SetBillItemAccount');
INSERT INTO `sys_rule_actiondef` VALUES ('treasury.actions.SetBillItemProperty', 'set-billitem-property', 'Set BillItem Property Value', 10, 'set-billitem-property', 'TREASURY', 'treasury.actions.SetBillItemProperty');
INSERT INTO `sys_rule_actiondef` VALUES ('treasury.actions.SummarizeBillItem', 'summarize-item', 'Summarize Bill Item', 5, 'summarize-item', 'TREASURY', 'treasury.actions.SummarizeBillItem');
INSERT INTO `sys_rule_actiondef` VALUES ('treasury.actions.UpdateFieldValue', 'update-field-value', 'Update Field Value', 0, 'update-field-value', 'TREASURY', 'treasury.actions.UpdateFieldValue');
COMMIT;

-- ----------------------------
-- Table structure for sys_rule_actiondef_param
-- ----------------------------
DROP TABLE IF EXISTS `sys_rule_actiondef_param`;
CREATE TABLE `sys_rule_actiondef_param` (
  `objid` varchar(100) NOT NULL DEFAULT '',
  `parentid` varchar(50) DEFAULT NULL,
  `name` varchar(50) NOT NULL,
  `sortorder` int(11) DEFAULT NULL,
  `title` varchar(50) DEFAULT NULL,
  `datatype` varchar(50) DEFAULT NULL,
  `handler` varchar(50) DEFAULT NULL,
  `lookuphandler` varchar(50) DEFAULT NULL,
  `lookupkey` varchar(50) DEFAULT NULL,
  `lookupvalue` varchar(50) DEFAULT NULL,
  `vardatatype` varchar(50) DEFAULT NULL,
  `lovname` varchar(50) DEFAULT NULL,
  PRIMARY KEY (`objid`) USING BTREE,
  KEY `parentid` (`parentid`) USING BTREE,
  CONSTRAINT `sys_rule_actiondef_param_ibfk_1` FOREIGN KEY (`parentid`) REFERENCES `sys_rule_actiondef` (`objid`)
) ENGINE=InnoDB DEFAULT CHARSET=utf8;

-- ----------------------------
-- Records of sys_rule_actiondef_param
-- ----------------------------
BEGIN;
INSERT INTO `sys_rule_actiondef_param` VALUES ('enterprise.actions.AddInfo.aggtype', 'enterprise.actions.AddInfo', 'aggtype', 3, 'Aggregate Type', NULL, 'lov', NULL, NULL, NULL, NULL, 'INFO_AGGREGATE_TYPES');
INSERT INTO `sys_rule_actiondef_param` VALUES ('enterprise.actions.AddInfo.name', 'enterprise.actions.AddInfo', 'name', 1, 'Name', NULL, 'lookup', 'variableinfo:lookup', 'name', 'name', 'string', NULL);
INSERT INTO `sys_rule_actiondef_param` VALUES ('enterprise.actions.AddInfo.value', 'enterprise.actions.AddInfo', 'value', 2, 'Value', NULL, 'expression', NULL, NULL, NULL, NULL, NULL);
INSERT INTO `sys_rule_actiondef_param` VALUES ('enterprise.actions.AddRequirement.type', 'enterprise.actions.AddRequirement', 'type', 1, 'Type', NULL, 'lookup', 'requirementtype:lookup', 'objid', 'title', NULL, NULL);
INSERT INTO `sys_rule_actiondef_param` VALUES ('enterprise.actions.AddSystemInfo.aggtype', 'enterprise.actions.AddSystemInfo', 'aggtype', 3, 'Aggregate Type', NULL, 'lov', NULL, NULL, NULL, NULL, 'INFO_AGGREGATE_TYPES');
INSERT INTO `sys_rule_actiondef_param` VALUES ('enterprise.actions.AddSystemInfo.name', 'enterprise.actions.AddSystemInfo', 'name', 1, 'Name', NULL, 'lookup', 'variableinfo:lookup', 'name', 'name', 'string', NULL);
INSERT INTO `sys_rule_actiondef_param` VALUES ('enterprise.actions.AddSystemInfo.value', 'enterprise.actions.AddSystemInfo', 'value', 2, 'Value', NULL, 'expression', NULL, NULL, NULL, NULL, NULL);
INSERT INTO `sys_rule_actiondef_param` VALUES ('enterprise.actions.AskInfo.name', 'enterprise.actions.AskInfo', 'name', 1, 'Name', NULL, 'lookup', 'variableinfo:lookup', 'name', 'name', 'string', NULL);
INSERT INTO `sys_rule_actiondef_param` VALUES ('enterprise.actions.AskInfo.value', 'enterprise.actions.AskInfo', 'value', 2, 'Default Value', NULL, 'expression', NULL, NULL, NULL, NULL, NULL);
INSERT INTO `sys_rule_actiondef_param` VALUES ('enterprise.actions.ThrowException.msg', 'enterprise.actions.ThrowException', 'msg', 1, 'Message', NULL, 'expression', NULL, NULL, NULL, NULL, NULL);
INSERT INTO `sys_rule_actiondef_param` VALUES ('treasury.actions.AddBillItem.account', 'treasury.actions.AddBillItem', 'account', 1, 'Account', NULL, 'lookup', 'revenueitem:lookup', 'objid', 'title', NULL, NULL);
INSERT INTO `sys_rule_actiondef_param` VALUES ('treasury.actions.AddBillItem.amount', 'treasury.actions.AddBillItem', 'amount', 1, 'Amount', NULL, 'expression', NULL, NULL, NULL, NULL, NULL);
INSERT INTO `sys_rule_actiondef_param` VALUES ('treasury.actions.AddBillItem.billcode', 'treasury.actions.AddBillItem', 'billcode', 4, 'Item code', NULL, 'lookup', 'vehicle_itemaccount:lookup', 'objid', 'title', 'string', NULL);
INSERT INTO `sys_rule_actiondef_param` VALUES ('treasury.actions.AddBillItem.fromdate', 'treasury.actions.AddBillItem', 'fromdate', 6, 'From Date', NULL, 'expression', NULL, NULL, NULL, NULL, NULL);
INSERT INTO `sys_rule_actiondef_param` VALUES ('treasury.actions.AddBillItem.month', 'treasury.actions.AddBillItem', 'month', 5, 'Month', NULL, 'expression', NULL, NULL, NULL, NULL, NULL);
INSERT INTO `sys_rule_actiondef_param` VALUES ('treasury.actions.AddBillItem.refid', 'treasury.actions.AddBillItem', 'refid', 3, 'Ref ID', NULL, 'var', NULL, NULL, NULL, 'string', NULL);
INSERT INTO `sys_rule_actiondef_param` VALUES ('treasury.actions.AddBillItem.remarks', 'treasury.actions.AddBillItem', 'remarks', 2, 'Remarks', NULL, 'expression', NULL, NULL, NULL, NULL, NULL);
INSERT INTO `sys_rule_actiondef_param` VALUES ('treasury.actions.AddBillItem.todate', 'treasury.actions.AddBillItem', 'todate', 7, 'To Date', NULL, 'expression', NULL, NULL, NULL, NULL, NULL);
INSERT INTO `sys_rule_actiondef_param` VALUES ('treasury.actions.AddBillItem.txntype', 'treasury.actions.AddBillItem', 'txntype', 3, 'Txn Type', NULL, 'lookup', 'billitem_txntype:lookup', 'objid', 'title', 'string', NULL);
INSERT INTO `sys_rule_actiondef_param` VALUES ('treasury.actions.AddBillItem.year', 'treasury.actions.AddBillItem', 'year', 5, 'Year', NULL, 'expression', NULL, NULL, NULL, NULL, NULL);
INSERT INTO `sys_rule_actiondef_param` VALUES ('treasury.actions.AddDiscountItem.amount', 'treasury.actions.AddDiscountItem', 'amount', 2, 'Amount', NULL, 'expression', NULL, NULL, NULL, NULL, NULL);
INSERT INTO `sys_rule_actiondef_param` VALUES ('treasury.actions.AddDiscountItem.billcode', 'treasury.actions.AddDiscountItem', 'billcode', 3, 'Item code', NULL, 'lookup', 'vehicle_itemaccount:lookup', 'objid', 'title', 'string', NULL);
INSERT INTO `sys_rule_actiondef_param` VALUES ('treasury.actions.AddDiscountItem.billitem', 'treasury.actions.AddDiscountItem', 'billitem', 1, 'Bill Item', NULL, 'var', NULL, NULL, NULL, 'treasury.facts.AbstractBillItem', NULL);
INSERT INTO `sys_rule_actiondef_param` VALUES ('treasury.actions.AddDueDate.date', 'treasury.actions.AddDueDate', 'date', 1, 'Date', NULL, 'expression', NULL, NULL, NULL, NULL, NULL);
INSERT INTO `sys_rule_actiondef_param` VALUES ('treasury.actions.AddDueDate.tag', 'treasury.actions.AddDueDate', 'tag', 2, 'Tag', 'string', 'string', NULL, NULL, NULL, 'string', NULL);
INSERT INTO `sys_rule_actiondef_param` VALUES ('treasury.actions.AddExcessBillItem.amount', 'treasury.actions.AddExcessBillItem', 'amount', 1, 'Amount', NULL, 'expression', NULL, NULL, NULL, NULL, NULL);
INSERT INTO `sys_rule_actiondef_param` VALUES ('treasury.actions.AddExcessBillItem.billcode', 'treasury.actions.AddExcessBillItem', 'billcode', 2, 'Item code', NULL, 'lookup', 'vehicle_itemaccount:lookup', 'objid', 'title', 'string', NULL);
INSERT INTO `sys_rule_actiondef_param` VALUES ('treasury.actions.AddInterestItem.amount', 'treasury.actions.AddInterestItem', 'amount', 2, 'Amount', NULL, 'expression', NULL, NULL, NULL, NULL, NULL);
INSERT INTO `sys_rule_actiondef_param` VALUES ('treasury.actions.AddInterestItem.billcode', 'treasury.actions.AddInterestItem', 'billcode', 3, 'Item code', NULL, 'lookup', 'vehicle_itemaccount:lookup', 'objid', 'title', 'string', NULL);
INSERT INTO `sys_rule_actiondef_param` VALUES ('treasury.actions.AddInterestItem.billitem', 'treasury.actions.AddInterestItem', 'billitem', 1, 'Bill Item', NULL, 'var', NULL, NULL, NULL, 'treasury.facts.AbstractBillItem', NULL);
INSERT INTO `sys_rule_actiondef_param` VALUES ('treasury.actions.AddSurchargeItem.amount', 'treasury.actions.AddSurchargeItem', 'amount', 2, 'Amount', NULL, 'expression', NULL, NULL, NULL, NULL, NULL);
INSERT INTO `sys_rule_actiondef_param` VALUES ('treasury.actions.AddSurchargeItem.billcode', 'treasury.actions.AddSurchargeItem', 'billcode', 3, 'Item code', NULL, 'lookup', 'vehicle_itemaccount:lookup', 'objid', 'title', 'string', NULL);
INSERT INTO `sys_rule_actiondef_param` VALUES ('treasury.actions.AddSurchargeItem.billitem', 'treasury.actions.AddSurchargeItem', 'billitem', 1, 'Bill Item', NULL, 'var', NULL, NULL, NULL, 'treasury.facts.AbstractBillItem', NULL);
INSERT INTO `sys_rule_actiondef_param` VALUES ('treasury.actions.AddVarDate.date', 'treasury.actions.AddVarDate', 'date', 2, 'Date', NULL, 'expression', NULL, NULL, NULL, NULL, NULL);
INSERT INTO `sys_rule_actiondef_param` VALUES ('treasury.actions.AddVarDate.tag', 'treasury.actions.AddVarDate', 'tag', 1, 'Tag', 'string', 'string', NULL, NULL, NULL, 'string', NULL);
INSERT INTO `sys_rule_actiondef_param` VALUES ('treasury.actions.AddVarDecimal.tag', 'treasury.actions.AddVarDecimal', 'tag', 2, 'Tag', 'string', 'string', NULL, NULL, NULL, 'string', NULL);
INSERT INTO `sys_rule_actiondef_param` VALUES ('treasury.actions.AddVarDecimal.value', 'treasury.actions.AddVarDecimal', 'value', 1, 'Value', NULL, 'expression', NULL, NULL, NULL, NULL, NULL);
INSERT INTO `sys_rule_actiondef_param` VALUES ('treasury.actions.AddVarInteger.tag', 'treasury.actions.AddVarInteger', 'tag', 2, 'Tag', 'string', 'string', NULL, NULL, NULL, 'string', NULL);
INSERT INTO `sys_rule_actiondef_param` VALUES ('treasury.actions.AddVarInteger.value', 'treasury.actions.AddVarInteger', 'value', 1, 'Value', NULL, 'expression', NULL, NULL, NULL, NULL, NULL);
INSERT INTO `sys_rule_actiondef_param` VALUES ('treasury.actions.AddVarString.tag', 'treasury.actions.AddVarString', 'tag', 2, 'Tag', 'string', 'string', NULL, NULL, NULL, 'string', NULL);
INSERT INTO `sys_rule_actiondef_param` VALUES ('treasury.actions.AddVarString.value', 'treasury.actions.AddVarString', 'value', 1, 'Value', NULL, 'expression', NULL, NULL, NULL, NULL, NULL);
INSERT INTO `sys_rule_actiondef_param` VALUES ('treasury.actions.ApplyPayment.payment', 'treasury.actions.ApplyPayment', 'payment', 1, 'Payment', NULL, 'var', NULL, NULL, NULL, 'treasury.facts.Payment', NULL);
INSERT INTO `sys_rule_actiondef_param` VALUES ('treasury.actions.RemoveBillItem.billitem', 'treasury.actions.RemoveBillItem', 'billitem', 1, 'Bill Item', NULL, 'var', NULL, NULL, NULL, 'treasury.facts.AbstractBillItem', NULL);
INSERT INTO `sys_rule_actiondef_param` VALUES ('treasury.actions.SetBillItemAccount.billcode', 'treasury.actions.SetBillItemAccount', 'billcode', 2, 'Item code', NULL, 'lookup', 'vehicle_itemaccount:lookup', 'objid', 'title', 'string', NULL);
INSERT INTO `sys_rule_actiondef_param` VALUES ('treasury.actions.SetBillItemAccount.billitem', 'treasury.actions.SetBillItemAccount', 'billitem', 1, 'Bill Item', NULL, 'var', NULL, NULL, NULL, 'treasury.facts.AbstractBillItem', NULL);
INSERT INTO `sys_rule_actiondef_param` VALUES ('treasury.actions.SetBillItemProperty.billitem', 'treasury.actions.SetBillItemProperty', 'billitem', 1, 'Bill Item', NULL, 'var', NULL, NULL, NULL, 'treasury.facts.BillItem', NULL);
INSERT INTO `sys_rule_actiondef_param` VALUES ('treasury.actions.SetBillItemProperty.fieldname', 'treasury.actions.SetBillItemProperty', 'fieldname', 2, 'Property Field Name', 'string', 'string', NULL, 'billitem', NULL, 'string', NULL);
INSERT INTO `sys_rule_actiondef_param` VALUES ('treasury.actions.SetBillItemProperty.value', 'treasury.actions.SetBillItemProperty', 'value', 3, 'Value', NULL, 'expression', NULL, NULL, NULL, NULL, NULL);
INSERT INTO `sys_rule_actiondef_param` VALUES ('treasury.actions.SummarizeBillItem.aggtype', 'treasury.actions.SummarizeBillItem', 'aggtype', 2, 'Aggregate Type', NULL, 'lov', NULL, NULL, NULL, NULL, 'SUMMARY_AGGREGATE_TYPE');
INSERT INTO `sys_rule_actiondef_param` VALUES ('treasury.actions.SummarizeBillItem.billitem', 'treasury.actions.SummarizeBillItem', 'billitem', 1, 'BillItem', NULL, 'var', NULL, NULL, NULL, 'treasury.facts.AbstractBillItem', NULL);
INSERT INTO `sys_rule_actiondef_param` VALUES ('treasury.actions.SummarizeBillItem.fields', 'treasury.actions.SummarizeBillItem', 'fields', 2, 'Group Fields', 'string', 'string', NULL, NULL, NULL, 'string', NULL);
INSERT INTO `sys_rule_actiondef_param` VALUES ('treasury.actions.SummarizeBillItem.remarks', 'treasury.actions.SummarizeBillItem', 'remarks', 3, 'Remarks', NULL, 'expression', NULL, NULL, NULL, NULL, NULL);
INSERT INTO `sys_rule_actiondef_param` VALUES ('treasury.actions.UpdateFieldValue.fieldname', 'treasury.actions.UpdateFieldValue', 'fieldname', 2, 'Field name', NULL, 'fieldlist', NULL, 'object', NULL, NULL, NULL);
INSERT INTO `sys_rule_actiondef_param` VALUES ('treasury.actions.UpdateFieldValue.object', 'treasury.actions.UpdateFieldValue', 'object', 1, 'Object', NULL, 'var', NULL, NULL, NULL, 'obj', NULL);
INSERT INTO `sys_rule_actiondef_param` VALUES ('treasury.actions.UpdateFieldValue.value', 'treasury.actions.UpdateFieldValue', 'value', 3, 'Value', NULL, 'expression', NULL, NULL, NULL, NULL, NULL);
COMMIT;

-- ----------------------------
-- Table structure for sys_rule_condition
-- ----------------------------
DROP TABLE IF EXISTS `sys_rule_condition`;
CREATE TABLE `sys_rule_condition` (
  `objid` varchar(50) NOT NULL,
  `parentid` varchar(50) DEFAULT NULL,
  `fact_name` varchar(50) DEFAULT NULL,
  `fact_objid` varchar(50) DEFAULT NULL,
  `varname` varchar(50) DEFAULT NULL,
  `pos` int(11) DEFAULT NULL,
  `ruletext` longtext,
  `displaytext` longtext,
  `dynamic_datatype` varchar(50) DEFAULT NULL,
  `dynamic_key` varchar(50) DEFAULT NULL,
  `dynamic_value` varchar(50) DEFAULT NULL,
  `notexist` int(11) NOT NULL,
  PRIMARY KEY (`objid`) USING BTREE,
  KEY `fact_objid` (`fact_objid`) USING BTREE,
  KEY `parentid` (`parentid`) USING BTREE,
  CONSTRAINT `sys_rule_condition_fact` FOREIGN KEY (`fact_objid`) REFERENCES `sys_rule_fact` (`objid`),
  CONSTRAINT `sys_rule_condition_ibfk_1` FOREIGN KEY (`fact_objid`) REFERENCES `sys_rule_fact` (`objid`),
  CONSTRAINT `sys_rule_condition_ibfk_2` FOREIGN KEY (`parentid`) REFERENCES `sys_rule` (`objid`)
) ENGINE=InnoDB DEFAULT CHARSET=utf8;

-- ----------------------------
-- Records of sys_rule_condition
-- ----------------------------
BEGIN;
INSERT INTO `sys_rule_condition` VALUES ('RC-1c7c09d1:164ee5525b1:-7fd5', 'RUL-57c2d992:164ee592b63:-7e1f', 'vehicle.facts.VehicleApplication', 'vehicle.facts.VehicleApplication', 'VAPP', 0, NULL, NULL, NULL, NULL, NULL, 0);
INSERT INTO `sys_rule_condition` VALUES ('RC-385bbe58:1703cf84752:-2361', 'RUL-3906656a:1703cb19e6a:-79fa', 'vehicle.facts.VehicleApplication', 'vehicle.facts.VehicleApplication', 'VAPP', 0, NULL, NULL, NULL, NULL, NULL, 0);
INSERT INTO `sys_rule_condition` VALUES ('RC-4dcceae8:16f56c822b6:-7ff3', 'RUL-56ac22a2:16f56c2317c:-7b1b', 'vehicle.facts.VehicleApplication', 'vehicle.facts.VehicleApplication', 'VAPP', 0, NULL, NULL, NULL, NULL, NULL, 0);
INSERT INTO `sys_rule_condition` VALUES ('RC-4dcceae8:16f56c822b6:-7ff5', 'RUL-56ac22a2:16f56c2317c:-7b1b', 'vehicle.facts.VehicleAssessYear', 'vehicle.facts.VehicleAssessYear', NULL, 1, NULL, NULL, NULL, NULL, NULL, 0);
INSERT INTO `sys_rule_condition` VALUES ('RC-4dcceae8:16f56c822b6:-7ff8', 'RUL-56ac22a2:16f56c2317c:-7b1b', 'enterprise.facts.BooleanInfo', 'enterprise.facts.BooleanInfo', NULL, 2, NULL, NULL, NULL, NULL, NULL, 0);
INSERT INTO `sys_rule_condition` VALUES ('RC-4dcceae8:16f56c822b6:-8000', 'RUL-56ac22a2:16f56c2317c:-7ba6', 'vehicle.facts.VehicleApplication', 'vehicle.facts.VehicleApplication', 'VAPP', 0, NULL, NULL, NULL, NULL, NULL, 0);
INSERT INTO `sys_rule_condition` VALUES ('RC1bc453a0:17051255e61:5917', 'RUL4fccdb1e:17050a3f427:-28a4', 'enterprise.facts.BooleanInfo', 'enterprise.facts.BooleanInfo', NULL, 1, NULL, NULL, NULL, NULL, NULL, 0);
INSERT INTO `sys_rule_condition` VALUES ('RC1bc453a0:17051255e61:591d', 'RUL4fccdb1e:17050a3f427:-28a4', 'vehicle.facts.VehicleApplication', 'vehicle.facts.VehicleApplication', 'VAPP', 0, NULL, NULL, NULL, NULL, NULL, 0);
INSERT INTO `sys_rule_condition` VALUES ('RC1bc453a0:17051255e61:5b60', 'RUL4fccdb1e:17050a3f427:-286b', 'vehicle.facts.VehicleApplication', 'vehicle.facts.VehicleApplication', 'VAPP', 0, NULL, NULL, NULL, NULL, NULL, 0);
INSERT INTO `sys_rule_condition` VALUES ('RC1bc453a0:17051255e61:5b62', 'RUL4fccdb1e:17050a3f427:-286b', 'enterprise.facts.BooleanInfo', 'enterprise.facts.BooleanInfo', NULL, 1, NULL, NULL, NULL, NULL, NULL, 0);
INSERT INTO `sys_rule_condition` VALUES ('RC22798ce5:164f39ff5c7:-7efe', 'RUL-3d6f3345:164f3a00ffa:-76f8', 'vehicle.facts.VehicleApplication', 'vehicle.facts.VehicleApplication', 'VAPP', 0, NULL, NULL, NULL, NULL, NULL, 0);
INSERT INTO `sys_rule_condition` VALUES ('RC2a9de65:1689f41a72e:-7dcd', 'RUL5aee1e82:1689f44f26b:-6be1', 'vehicle.facts.VehicleApplication', 'vehicle.facts.VehicleApplication', 'VAPP', 0, NULL, NULL, NULL, NULL, NULL, 0);
INSERT INTO `sys_rule_condition` VALUES ('RC2a9de65:168a27ba3b4:-591b', 'RUL-2af3ebe6:168a26aa806:-604f', 'vehicle.facts.VehicleApplication', 'vehicle.facts.VehicleApplication', 'VAPP', 0, NULL, NULL, NULL, NULL, NULL, 0);
INSERT INTO `sys_rule_condition` VALUES ('RC2a9de65:168a27ba3b4:-591e', 'RUL-2af3ebe6:168a26aa806:-604f', 'enterprise.facts.BooleanInfo', 'enterprise.facts.BooleanInfo', NULL, 1, NULL, NULL, NULL, NULL, NULL, 0);
INSERT INTO `sys_rule_condition` VALUES ('RC437a7884:16f0efafa31:-7ffb', 'RUL-63d80782:16f0ef8d63b:-7da6', 'vehicle.facts.VehicleApplication', 'vehicle.facts.VehicleApplication', 'VAPP', 0, NULL, NULL, NULL, NULL, NULL, 0);
INSERT INTO `sys_rule_condition` VALUES ('RC437a7884:16f0efafa31:-7ffd', 'RUL-63d80782:16f0ef8d63b:-7da6', 'vehicle.facts.VehicleAssessYear', 'vehicle.facts.VehicleAssessYear', NULL, 1, NULL, NULL, NULL, NULL, NULL, 0);
INSERT INTO `sys_rule_condition` VALUES ('RC60a398a2:1707f7ef07e:-72a8', 'RUL-489907a0:1707f2afd48:-7438', 'vehicle.facts.VehicleApplication', 'vehicle.facts.VehicleApplication', 'VAPP', 0, NULL, NULL, NULL, NULL, NULL, 0);
INSERT INTO `sys_rule_condition` VALUES ('RC60a398a2:1707f7ef07e:-72ab', 'RUL-489907a0:1707f2afd48:-7438', 'treasury.facts.BillItem', 'treasury.facts.BillItem', 'BILLITEM', 2, NULL, NULL, NULL, NULL, NULL, 0);
INSERT INTO `sys_rule_condition` VALUES ('RC60a398a2:1707f7ef07e:-72ad', 'RUL-489907a0:1707f2afd48:-7438', 'treasury.facts.DueDate', 'treasury.facts.DueDate', NULL, 3, NULL, NULL, NULL, NULL, NULL, 0);
INSERT INTO `sys_rule_condition` VALUES ('RC60a398a2:1707f7ef07e:-72af', 'RUL-489907a0:1707f2afd48:-7438', 'treasury.facts.BillDate', 'treasury.facts.BillDate', NULL, 4, NULL, NULL, NULL, NULL, NULL, 0);
INSERT INTO `sys_rule_condition` VALUES ('RC716ac8c6:16f0db01197:-7fa0', 'RUL351e5058:16f0df7bfd7:-73ce', 'vehicle.facts.VehicleAssessYear', 'vehicle.facts.VehicleAssessYear', NULL, 1, NULL, NULL, NULL, NULL, NULL, 0);
INSERT INTO `sys_rule_condition` VALUES ('RC716ac8c6:16f0db01197:-7fa3', 'RUL351e5058:16f0df7bfd7:-73ce', 'vehicle.facts.VehicleApplication', 'vehicle.facts.VehicleApplication', 'VAPP', 0, NULL, NULL, NULL, NULL, NULL, 0);
INSERT INTO `sys_rule_condition` VALUES ('RC716ac8c6:16f0db01197:-7faa', 'RUL351e5058:16f0df7bfd7:-74c0', 'vehicle.facts.VehicleApplication', 'vehicle.facts.VehicleApplication', 'VAPP', 0, NULL, NULL, NULL, NULL, NULL, 0);
INSERT INTO `sys_rule_condition` VALUES ('RC716ac8c6:16f0db01197:-7fac', 'RUL351e5058:16f0df7bfd7:-74c0', 'vehicle.facts.VehicleAssessYear', 'vehicle.facts.VehicleAssessYear', NULL, 1, NULL, NULL, NULL, NULL, NULL, 0);
INSERT INTO `sys_rule_condition` VALUES ('RCOND-14e42a95:16f708fffae:-70e2', 'RUL4adb13dd:16c88dfc11c:-7b80', 'treasury.facts.HolidayFact', 'treasury.facts.HolidayFact', 'HOLIDAYS', 2, NULL, NULL, NULL, NULL, NULL, 0);
INSERT INTO `sys_rule_condition` VALUES ('RCOND-14e42a95:16f708fffae:-78b0', 'RUL-14e42a95:16f708fffae:-7aaa', 'treasury.facts.ExtensionDate', 'treasury.facts.ExtensionDate', NULL, 1, NULL, NULL, NULL, NULL, NULL, 0);
INSERT INTO `sys_rule_condition` VALUES ('RCOND-14e42a95:16f708fffae:-79d1', 'RUL-14e42a95:16f708fffae:-7aaa', 'treasury.facts.BillItem', 'treasury.facts.BillItem', 'BILLITEM', 0, NULL, NULL, NULL, NULL, NULL, 0);
INSERT INTO `sys_rule_condition` VALUES ('RCOND-14e42a95:16f708fffae:-7baf', 'RUL4adb13dd:16c88dfc11c:-7b80', 'vehicle.facts.VehicleApplication', 'vehicle.facts.VehicleApplication', 'VAPP', 1, NULL, NULL, NULL, NULL, NULL, 0);
INSERT INTO `sys_rule_condition` VALUES ('RCOND-25db62ba:16f564df79a:-73ff', 'RUL-25db62ba:16f564df79a:-7728', 'treasury.facts.BillItem', 'treasury.facts.BillItem', 'BILLITEM', 2, NULL, NULL, NULL, NULL, NULL, 0);
INSERT INTO `sys_rule_condition` VALUES ('RCOND-25db62ba:16f564df79a:-74bd', 'RUL-25db62ba:16f564df79a:-7728', 'enterprise.facts.BooleanInfo', 'enterprise.facts.BooleanInfo', NULL, 1, NULL, NULL, NULL, NULL, NULL, 0);
INSERT INTO `sys_rule_condition` VALUES ('RCOND-25db62ba:16f564df79a:-7696', 'RUL-25db62ba:16f564df79a:-7728', 'vehicle.facts.VehicleApplication', 'vehicle.facts.VehicleApplication', 'VAPP', 0, NULL, NULL, NULL, NULL, NULL, 0);
INSERT INTO `sys_rule_condition` VALUES ('RCOND-2926b8f1:16f82c67f3c:-7c2d', 'RUL-2926b8f1:16f82c67f3c:-7e11', 'vehicle.facts.VehicleApplication', 'vehicle.facts.VehicleApplication', 'VAPP', 1, NULL, NULL, NULL, NULL, NULL, 0);
INSERT INTO `sys_rule_condition` VALUES ('RCOND-2926b8f1:16f82c67f3c:-7dd1', 'RUL-2926b8f1:16f82c67f3c:-7e11', 'com.rameses.rules.common.CurrentDate', 'com.rameses.rules.common.CurrentDate', NULL, 0, NULL, NULL, NULL, NULL, NULL, 0);
INSERT INTO `sys_rule_condition` VALUES ('RCOND-2af3ebe6:168a26aa806:-6255', 'RUL-2af3ebe6:168a26aa806:-63d4', 'enterprise.facts.BooleanInfo', 'enterprise.facts.BooleanInfo', NULL, 1, NULL, NULL, NULL, NULL, NULL, 0);
INSERT INTO `sys_rule_condition` VALUES ('RCOND-2af3ebe6:168a26aa806:-6372', 'RUL-2af3ebe6:168a26aa806:-63d4', 'vehicle.facts.VehicleApplication', 'vehicle.facts.VehicleApplication', 'VAPP', 0, NULL, NULL, NULL, NULL, NULL, 0);
INSERT INTO `sys_rule_condition` VALUES ('RCOND-2af3ebe6:168a26aa806:-6527', 'RUL-2af3ebe6:168a26aa806:-6589', 'vehicle.facts.VehicleApplication', 'vehicle.facts.VehicleApplication', 'VAPP', 0, NULL, NULL, NULL, NULL, NULL, 0);
INSERT INTO `sys_rule_condition` VALUES ('RCOND-2af3ebe6:168a26aa806:-689d', 'RUL-2af3ebe6:168a26aa806:-690a', 'vehicle.facts.VehicleApplication', 'vehicle.facts.VehicleApplication', 'VAPP', 0, NULL, NULL, NULL, NULL, NULL, 0);
INSERT INTO `sys_rule_condition` VALUES ('RCOND-2af3ebe6:168a26aa806:-6d30', 'RUL789fb8a5:168a24fe63a:-7977', 'vehicle.facts.VehicleApplication', 'vehicle.facts.VehicleApplication', 'VAPP', 0, NULL, NULL, NULL, NULL, NULL, 0);
INSERT INTO `sys_rule_condition` VALUES ('RCOND-2af3ebe6:168a26aa806:-7693', 'RUL-2af3ebe6:168a26aa806:-7d39', 'treasury.facts.BillDate', 'treasury.facts.BillDate', NULL, 4, NULL, NULL, NULL, NULL, NULL, 0);
INSERT INTO `sys_rule_condition` VALUES ('RCOND-2af3ebe6:168a26aa806:-7756', 'RUL-2af3ebe6:168a26aa806:-7d39', 'treasury.facts.DueDate', 'treasury.facts.DueDate', NULL, 3, NULL, NULL, NULL, NULL, NULL, 0);
INSERT INTO `sys_rule_condition` VALUES ('RCOND-2af3ebe6:168a26aa806:-79ca', 'RUL-2af3ebe6:168a26aa806:-7d39', 'treasury.facts.BillItem', 'treasury.facts.BillItem', 'BILLITEM', 2, NULL, NULL, NULL, NULL, NULL, 0);
INSERT INTO `sys_rule_condition` VALUES ('RCOND-2af3ebe6:168a26aa806:-7cb2', 'RUL-2af3ebe6:168a26aa806:-7d39', 'vehicle.facts.VehicleApplication', 'vehicle.facts.VehicleApplication', 'VAPP', 0, NULL, NULL, NULL, NULL, NULL, 0);
INSERT INTO `sys_rule_condition` VALUES ('RCOND-3d6f3345:164f3a00ffa:-7a10', 'RUL-3d6f3345:164f3a00ffa:-7a46', 'vehicle.facts.VehicleApplication', 'vehicle.facts.VehicleApplication', 'VAPP', 0, NULL, NULL, NULL, NULL, NULL, 0);
INSERT INTO `sys_rule_condition` VALUES ('RCOND-79820a3e:16f0c625123:-64d9', 'RUL-79820a3e:16f0c625123:-6529', 'vehicle.facts.VehicleApplication', 'vehicle.facts.VehicleApplication', 'VAPP', 0, NULL, NULL, NULL, NULL, NULL, 0);
INSERT INTO `sys_rule_condition` VALUES ('RCOND17933c33:16f0d58ef1c:-707a', 'RUL17933c33:16f0d58ef1c:-710c', 'vehicle.facts.VehicleApplication', 'vehicle.facts.VehicleApplication', 'VAPP', 0, NULL, NULL, NULL, NULL, NULL, 0);
INSERT INTO `sys_rule_condition` VALUES ('RCOND351e5058:16f0df7bfd7:-7616', 'RUL351e5058:16f0df7bfd7:-7864', 'vehicle.facts.VehicleAssessYear', 'vehicle.facts.VehicleAssessYear', NULL, 1, NULL, NULL, NULL, NULL, NULL, 0);
INSERT INTO `sys_rule_condition` VALUES ('RCOND351e5058:16f0df7bfd7:-77d2', 'RUL351e5058:16f0df7bfd7:-7864', 'vehicle.facts.VehicleApplication', 'vehicle.facts.VehicleApplication', 'VAPP', 0, NULL, NULL, NULL, NULL, NULL, 0);
INSERT INTO `sys_rule_condition` VALUES ('RCOND3cf2bbd6:16ef4232a61:-7cd0', 'RUL3cf2bbd6:16ef4232a61:-7d8e', 'treasury.facts.Payment', 'treasury.facts.Payment', 'PMT', 0, NULL, NULL, NULL, NULL, NULL, 0);
INSERT INTO `sys_rule_condition` VALUES ('RCOND4adb13dd:16c88dfc11c:-7ac9', 'RUL4adb13dd:16c88dfc11c:-7b80', 'treasury.facts.BillItem', 'treasury.facts.BillItem', 'BILLITEM', 0, NULL, NULL, NULL, NULL, NULL, 0);
INSERT INTO `sys_rule_condition` VALUES ('RCOND4e9b2048:16f0da608f1:-7382', 'RUL9c39035:16f0d95ddf6:-7cf8', 'com.rameses.rules.common.CurrentDate', 'com.rameses.rules.common.CurrentDate', NULL, 2, NULL, NULL, NULL, NULL, NULL, 0);
INSERT INTO `sys_rule_condition` VALUES ('RCOND4e9b2048:16f0da608f1:-7b2b', 'RUL9c39035:16f0d95ddf6:-7cf8', 'vehicle.facts.VehicleApplication', 'vehicle.facts.VehicleApplication', 'VAPP', 1, NULL, NULL, NULL, NULL, NULL, 0);
INSERT INTO `sys_rule_condition` VALUES ('RCOND4e9b2048:16f0da608f1:-7cab', 'RUL9c39035:16f0d95ddf6:-7cf8', 'vehicle.facts.VehicleAssessYear', 'vehicle.facts.VehicleAssessYear', NULL, 0, NULL, NULL, NULL, NULL, NULL, 0);
INSERT INTO `sys_rule_condition` VALUES ('RCOND5aee1e82:1689f44f26b:-71d9', 'RUL5aee1e82:1689f44f26b:-7251', 'vehicle.facts.VehicleApplication', 'vehicle.facts.VehicleApplication', 'VAPP', 0, NULL, NULL, NULL, NULL, NULL, 0);
COMMIT;

-- ----------------------------
-- Table structure for sys_rule_condition_constraint
-- ----------------------------
DROP TABLE IF EXISTS `sys_rule_condition_constraint`;
CREATE TABLE `sys_rule_condition_constraint` (
  `objid` varchar(50) NOT NULL,
  `parentid` varchar(50) DEFAULT NULL,
  `field_objid` varchar(100) DEFAULT NULL,
  `fieldname` varchar(50) DEFAULT NULL,
  `varname` varchar(50) DEFAULT NULL,
  `operator_caption` varchar(50) DEFAULT NULL,
  `operator_symbol` varchar(50) DEFAULT NULL,
  `usevar` int(11) DEFAULT NULL,
  `var_objid` varchar(50) DEFAULT NULL,
  `var_name` varchar(50) DEFAULT NULL,
  `decimalvalue` decimal(16,2) DEFAULT NULL,
  `intvalue` int(11) DEFAULT NULL,
  `stringvalue` varchar(255) DEFAULT NULL,
  `listvalue` longtext,
  `datevalue` date DEFAULT NULL,
  `pos` int(11) DEFAULT NULL,
  PRIMARY KEY (`objid`) USING BTREE,
  KEY `parentid` (`parentid`) USING BTREE,
  KEY `var_objid` (`var_objid`) USING BTREE,
  KEY `sys_rule_condition_constraint_fact_field` (`field_objid`) USING BTREE,
  CONSTRAINT `sys_rule_condition_constraint_fact_field` FOREIGN KEY (`field_objid`) REFERENCES `sys_rule_fact_field` (`objid`),
  CONSTRAINT `sys_rule_condition_constraint_ibfk_1` FOREIGN KEY (`parentid`) REFERENCES `sys_rule_condition` (`objid`),
  CONSTRAINT `sys_rule_condition_constraint_ibfk_2` FOREIGN KEY (`var_objid`) REFERENCES `sys_rule_condition_var` (`objid`)
) ENGINE=InnoDB DEFAULT CHARSET=utf8;

-- ----------------------------
-- Records of sys_rule_condition_constraint
-- ----------------------------
BEGIN;
INSERT INTO `sys_rule_condition_constraint` VALUES ('RCC-1c7c09d1:164ee5525b1:-7fd4', 'RC-1c7c09d1:164ee5525b1:-7fd5', 'vehicle.facts.VehicleApplication.vehicletype', 'vehicletype', NULL, 'is any of the ff.', 'matches', NULL, NULL, NULL, NULL, NULL, NULL, '[[key:\"pedicab\",value:\"pedicab\"],[key:\"tricycle\",value:\"tricycle\"]]', NULL, 1);
INSERT INTO `sys_rule_condition_constraint` VALUES ('RCC-385bbe58:1703cf84752:-235f', 'RC-385bbe58:1703cf84752:-2361', 'vehicle.facts.VehicleApplication.apptype', 'apptype', NULL, 'is any of the ff.', 'matches', NULL, NULL, NULL, NULL, NULL, NULL, '[\"NEW\",\"RENEW\",\"LATE_RENEWAL\"]', NULL, 0);
INSERT INTO `sys_rule_condition_constraint` VALUES ('RCC-385bbe58:1703cf84752:-2360', 'RC-385bbe58:1703cf84752:-2361', 'vehicle.facts.VehicleApplication.vehicletype', 'vehicletype', NULL, 'is any of the ff.', 'matches', NULL, NULL, NULL, NULL, NULL, NULL, '[[key:\"mtop-cabtag\",value:\"mtop-cabtag\"],[key:\"mtop-inkasub\",value:\"mtop-inkasub\"],[key:\"mtop-main\",value:\"mtop-main\"],[key:\"mtop-mainord764\",value:\"mtop-mainord764\"],[key:\"mtop-mangluz\",value:\"mtop-mangluz\"],[key:\"mtop-samaba\",value:\"mtop-samaba\"]]', NULL, 1);
INSERT INTO `sys_rule_condition_constraint` VALUES ('RCC-4dcceae8:16f56c822b6:-7ff1', 'RC-4dcceae8:16f56c822b6:-7ff3', 'vehicle.facts.VehicleApplication.vehicletype', 'vehicletype', NULL, 'is any of the ff.', 'matches', NULL, NULL, NULL, NULL, NULL, NULL, '[[key:\"tricycle\",value:\"tricycle\"]]', NULL, 0);
INSERT INTO `sys_rule_condition_constraint` VALUES ('RCC-4dcceae8:16f56c822b6:-7ff2', 'RC-4dcceae8:16f56c822b6:-7ff3', 'vehicle.facts.VehicleApplication.apptype', 'apptype', NULL, 'is any of the ff.', 'matches', NULL, NULL, NULL, NULL, NULL, NULL, '[\"NEW\",\"RENEW\",\"CHANGE_UNIT\",\"CHANGE_OWNER_UNIT\",\"CHANGE_OWNER\"]', NULL, 1);
INSERT INTO `sys_rule_condition_constraint` VALUES ('RCC-4dcceae8:16f56c822b6:-7ff4', 'RC-4dcceae8:16f56c822b6:-7ff5', 'vehicle.facts.VehicleAssessYear.year', 'year', 'YR', NULL, NULL, NULL, NULL, NULL, NULL, NULL, NULL, NULL, NULL, 0);
INSERT INTO `sys_rule_condition_constraint` VALUES ('RCC-4dcceae8:16f56c822b6:-7ff6', 'RC-4dcceae8:16f56c822b6:-7ff8', 'enterprise.facts.BooleanInfo.name', 'name', NULL, 'is any of the ff.', 'matches', NULL, NULL, NULL, NULL, NULL, NULL, '[[key:\"IS_OWNER_DRIVER\",value:\"IS_OWNER_DRIVER\"]]', NULL, 0);
INSERT INTO `sys_rule_condition_constraint` VALUES ('RCC-4dcceae8:16f56c822b6:-7ff7', 'RC-4dcceae8:16f56c822b6:-7ff8', 'enterprise.facts.BooleanInfo.value', 'value', 'OWNER_DRIVER', NULL, NULL, NULL, NULL, NULL, NULL, NULL, NULL, NULL, NULL, 1);
INSERT INTO `sys_rule_condition_constraint` VALUES ('RCC-4dcceae8:16f56c822b6:-7fff', 'RC-4dcceae8:16f56c822b6:-8000', 'vehicle.facts.VehicleApplication.apptype', 'apptype', NULL, 'is any of the ff.', 'matches', NULL, NULL, NULL, NULL, NULL, NULL, '[\"NEW\",\"RENEW\",\"CHANGE_OWNER\",\"CHANGE_UNIT\",\"CHANGE_OWNER_UNIT\"]', NULL, 0);
INSERT INTO `sys_rule_condition_constraint` VALUES ('RCC1bc453a0:17051255e61:591b', 'RC1bc453a0:17051255e61:5917', 'enterprise.facts.BooleanInfo.value', 'value', NULL, 'is true', '== true', NULL, NULL, NULL, NULL, NULL, NULL, NULL, NULL, 1);
INSERT INTO `sys_rule_condition_constraint` VALUES ('RCC1bc453a0:17051255e61:591c', 'RC1bc453a0:17051255e61:5917', 'enterprise.facts.BooleanInfo.name', 'name', 'CHANGE_OWNER_THRU_SALE', NULL, NULL, NULL, NULL, NULL, NULL, NULL, NULL, NULL, NULL, 0);
INSERT INTO `sys_rule_condition_constraint` VALUES ('RCC1bc453a0:17051255e61:591e', 'RC1bc453a0:17051255e61:591d', 'vehicle.facts.VehicleApplication.apptype', 'apptype', NULL, 'is any of the ff.', 'matches', NULL, NULL, NULL, NULL, NULL, NULL, '[\"CHANGE_OWNER_UNIT\"]', NULL, 0);
INSERT INTO `sys_rule_condition_constraint` VALUES ('RCC1bc453a0:17051255e61:5b61', 'RC1bc453a0:17051255e61:5b60', 'vehicle.facts.VehicleApplication.apptype', 'apptype', NULL, 'is any of the ff.', 'matches', NULL, NULL, NULL, NULL, NULL, NULL, '[\"CHANGE_OWNER_UNIT\"]', NULL, 0);
INSERT INTO `sys_rule_condition_constraint` VALUES ('RCC1bc453a0:17051255e61:5b63', 'RC1bc453a0:17051255e61:5b62', 'enterprise.facts.BooleanInfo.name', 'name', 'CHANGE_OWNER_THRU_SALE', NULL, NULL, NULL, NULL, NULL, NULL, NULL, NULL, NULL, NULL, 0);
INSERT INTO `sys_rule_condition_constraint` VALUES ('RCC1bc453a0:17051255e61:5b64', 'RC1bc453a0:17051255e61:5b62', 'enterprise.facts.BooleanInfo.value', 'value', NULL, 'not true', '== false', NULL, NULL, NULL, NULL, NULL, NULL, NULL, NULL, 1);
INSERT INTO `sys_rule_condition_constraint` VALUES ('RCC22798ce5:164f39ff5c7:-7efd', 'RC22798ce5:164f39ff5c7:-7efe', 'vehicle.facts.VehicleApplication.appyear', 'appyear', 'YR', NULL, NULL, NULL, NULL, NULL, NULL, NULL, NULL, NULL, NULL, 0);
INSERT INTO `sys_rule_condition_constraint` VALUES ('RCC2a9de65:1689f41a72e:-7dcb', 'RC2a9de65:1689f41a72e:-7dcd', 'vehicle.facts.VehicleApplication.apptype', 'apptype', NULL, 'is any of the ff.', 'matches', NULL, NULL, NULL, NULL, NULL, NULL, '[\"RENEW\",\"LATE_RENEWAL\"]', NULL, 0);
INSERT INTO `sys_rule_condition_constraint` VALUES ('RCC2a9de65:1689f41a72e:-7dcc', 'RC2a9de65:1689f41a72e:-7dcd', 'vehicle.facts.VehicleApplication.vehicletype', 'vehicletype', NULL, 'is any of the ff.', 'matches', NULL, NULL, NULL, NULL, NULL, NULL, '[[key:\"mtop-cabtag\",value:\"mtop-cabtag\"],[key:\"mtop-inkasub\",value:\"mtop-inkasub\"],[key:\"mtop-main\",value:\"mtop-main\"],[key:\"mtop-mainord764\",value:\"mtop-mainord764\"],[key:\"mtop-mangluz\",value:\"mtop-mangluz\"],[key:\"mtop-samaba\",value:\"mtop-samaba\"]]', NULL, 1);
INSERT INTO `sys_rule_condition_constraint` VALUES ('RCC2a9de65:168a27ba3b4:-591a', 'RC2a9de65:168a27ba3b4:-591b', 'vehicle.facts.VehicleApplication.apptype', 'apptype', NULL, 'is any of the ff.', 'matches', NULL, NULL, NULL, NULL, NULL, NULL, '[\"CHANGE_OWNER_UNIT\"]', NULL, 0);
INSERT INTO `sys_rule_condition_constraint` VALUES ('RCC2a9de65:168a27ba3b4:-591c', 'RC2a9de65:168a27ba3b4:-591e', 'enterprise.facts.BooleanInfo.name', 'name', 'CHANGE_OWNER_THRU_SALE', NULL, NULL, NULL, NULL, NULL, NULL, NULL, NULL, NULL, NULL, 0);
INSERT INTO `sys_rule_condition_constraint` VALUES ('RCC2a9de65:168a27ba3b4:-591d', 'RC2a9de65:168a27ba3b4:-591e', 'enterprise.facts.BooleanInfo.value', 'value', NULL, 'not true', '== false', NULL, NULL, NULL, NULL, NULL, NULL, NULL, NULL, 1);
INSERT INTO `sys_rule_condition_constraint` VALUES ('RCC437a7884:16f0efafa31:-7ff9', 'RC437a7884:16f0efafa31:-7ffb', 'vehicle.facts.VehicleApplication.vehicletype', 'vehicletype', NULL, 'is any of the ff.', 'matches', NULL, NULL, NULL, NULL, NULL, NULL, '[[key:\"tricycle\",value:\"tricycle\"]]', NULL, 0);
INSERT INTO `sys_rule_condition_constraint` VALUES ('RCC437a7884:16f0efafa31:-7ffa', 'RC437a7884:16f0efafa31:-7ffb', 'vehicle.facts.VehicleApplication.apptype', 'apptype', NULL, 'is any of the ff.', 'matches', NULL, NULL, NULL, NULL, NULL, NULL, '[\"DROP\"]', NULL, 1);
INSERT INTO `sys_rule_condition_constraint` VALUES ('RCC437a7884:16f0efafa31:-7ffc', 'RC437a7884:16f0efafa31:-7ffd', 'vehicle.facts.VehicleAssessYear.year', 'year', 'YR', NULL, NULL, NULL, NULL, NULL, NULL, NULL, NULL, NULL, NULL, 0);
INSERT INTO `sys_rule_condition_constraint` VALUES ('RCC60a398a2:1707f7ef07e:-72a7', 'RC60a398a2:1707f7ef07e:-72a8', 'vehicle.facts.VehicleApplication.apptype', 'apptype', NULL, 'is any of the ff.', 'matches', NULL, NULL, NULL, NULL, NULL, NULL, '[\"RENEW\",\"LATE_RENEWAL\"]', NULL, 0);
INSERT INTO `sys_rule_condition_constraint` VALUES ('RCC60a398a2:1707f7ef07e:-72a9', 'RC60a398a2:1707f7ef07e:-72ab', 'treasury.facts.BillItem.amount', 'amount', 'AMT', NULL, NULL, NULL, NULL, NULL, NULL, NULL, NULL, NULL, NULL, 0);
INSERT INTO `sys_rule_condition_constraint` VALUES ('RCC60a398a2:1707f7ef07e:-72aa', 'RC60a398a2:1707f7ef07e:-72ab', 'treasury.facts.BillItem.account', 'account', NULL, 'is any of the ff.', 'matches', NULL, NULL, NULL, NULL, NULL, NULL, '[[key:\"FTFA00000119\",value:\"MAYOR\'S PERMIT FEE\"]]', NULL, 1);
INSERT INTO `sys_rule_condition_constraint` VALUES ('RCC60a398a2:1707f7ef07e:-72ac', 'RC60a398a2:1707f7ef07e:-72ad', 'treasury.facts.DueDate.date', 'date', 'DUEDATE', NULL, NULL, NULL, NULL, NULL, NULL, NULL, NULL, NULL, NULL, 0);
INSERT INTO `sys_rule_condition_constraint` VALUES ('RCC60a398a2:1707f7ef07e:-72ae', 'RC60a398a2:1707f7ef07e:-72af', 'treasury.facts.BillDate.date', 'date', NULL, 'after', '>', 1, NULL, 'DUEDATE', NULL, NULL, NULL, NULL, NULL, 0);
INSERT INTO `sys_rule_condition_constraint` VALUES ('RCC716ac8c6:16f0db01197:-7f9f', 'RC716ac8c6:16f0db01197:-7fa0', 'vehicle.facts.VehicleAssessYear.year', 'year', 'YR', NULL, NULL, NULL, NULL, NULL, NULL, NULL, NULL, NULL, NULL, 0);
INSERT INTO `sys_rule_condition_constraint` VALUES ('RCC716ac8c6:16f0db01197:-7fa1', 'RC716ac8c6:16f0db01197:-7fa3', 'vehicle.facts.VehicleApplication.apptype', 'apptype', NULL, 'is any of the ff.', 'matches', NULL, NULL, NULL, NULL, NULL, NULL, '[\"CHANGE_OWNER_UNIT\"]', NULL, 1);
INSERT INTO `sys_rule_condition_constraint` VALUES ('RCC716ac8c6:16f0db01197:-7fa2', 'RC716ac8c6:16f0db01197:-7fa3', 'vehicle.facts.VehicleApplication.vehicletype', 'vehicletype', NULL, 'is any of the ff.', 'matches', NULL, NULL, NULL, NULL, NULL, NULL, '[[key:\"tricycle\",value:\"tricycle\"]]', NULL, 0);
INSERT INTO `sys_rule_condition_constraint` VALUES ('RCC716ac8c6:16f0db01197:-7fa8', 'RC716ac8c6:16f0db01197:-7faa', 'vehicle.facts.VehicleApplication.vehicletype', 'vehicletype', NULL, 'is any of the ff.', 'matches', NULL, NULL, NULL, NULL, NULL, NULL, '[[key:\"tricycle\",value:\"tricycle\"]]', NULL, 0);
INSERT INTO `sys_rule_condition_constraint` VALUES ('RCC716ac8c6:16f0db01197:-7fa9', 'RC716ac8c6:16f0db01197:-7faa', 'vehicle.facts.VehicleApplication.apptype', 'apptype', NULL, 'is any of the ff.', 'matches', NULL, NULL, NULL, NULL, NULL, NULL, '[\"CHANGE_OWNER\"]', NULL, 1);
INSERT INTO `sys_rule_condition_constraint` VALUES ('RCC716ac8c6:16f0db01197:-7fab', 'RC716ac8c6:16f0db01197:-7fac', 'vehicle.facts.VehicleAssessYear.year', 'year', 'YR', NULL, NULL, NULL, NULL, NULL, NULL, NULL, NULL, NULL, NULL, 0);
INSERT INTO `sys_rule_condition_constraint` VALUES ('RCONST-14e42a95:16f708fffae:-780a', 'RCOND-14e42a95:16f708fffae:-78b0', 'treasury.facts.ExtensionDate.date', 'date', 'EXDATE', NULL, NULL, NULL, NULL, NULL, NULL, NULL, NULL, NULL, NULL, 1);
INSERT INTO `sys_rule_condition_constraint` VALUES ('RCONST-14e42a95:16f708fffae:-787f', 'RCOND-14e42a95:16f708fffae:-78b0', 'treasury.facts.ExtensionDate.year', 'year', NULL, 'equal to', '==', 1, 'RCONST-14e42a95:16f708fffae:-797a', 'BYR', NULL, NULL, NULL, NULL, NULL, 0);
INSERT INTO `sys_rule_condition_constraint` VALUES ('RCONST-14e42a95:16f708fffae:-797a', 'RCOND-14e42a95:16f708fffae:-79d1', 'treasury.facts.BillItem.year', 'year', 'BYR', NULL, NULL, NULL, NULL, NULL, NULL, NULL, NULL, NULL, NULL, 0);
INSERT INTO `sys_rule_condition_constraint` VALUES ('RCONST-14e42a95:16f708fffae:-7b87', 'RCOND-14e42a95:16f708fffae:-7baf', 'vehicle.facts.VehicleApplication.apptype', 'apptype', NULL, 'is any of the ff.', 'matches', NULL, NULL, NULL, NULL, NULL, NULL, '[\"RENEW\"]', NULL, 0);
INSERT INTO `sys_rule_condition_constraint` VALUES ('RCONST-25db62ba:16f564df79a:-73bf', 'RCOND-25db62ba:16f564df79a:-73ff', 'treasury.facts.BillItem.billcode', 'billcode', NULL, 'is any of the ff.', 'matches', NULL, NULL, NULL, NULL, NULL, NULL, '[[key:\"SUBACCT7013cabe:1292455dafd:-7ee0\",value:\"MTOP MAYOR PERMIT\"]]', NULL, 0);
INSERT INTO `sys_rule_condition_constraint` VALUES ('RCONST-25db62ba:16f564df79a:-74bb', 'RCOND-25db62ba:16f564df79a:-74bd', 'enterprise.facts.BooleanInfo.value', 'value', NULL, 'is true', '== true', NULL, NULL, NULL, NULL, NULL, NULL, NULL, NULL, 1);
INSERT INTO `sys_rule_condition_constraint` VALUES ('RCONST-25db62ba:16f564df79a:-74bc', 'RCOND-25db62ba:16f564df79a:-74bd', 'enterprise.facts.BooleanInfo.name', 'name', NULL, 'is any of the ff.', 'matches', NULL, NULL, NULL, NULL, NULL, NULL, '[[key:\"IS_ADDITIONAL_UNIT\",value:\"IS_ADDITIONAL_UNIT\"]]', NULL, 0);
INSERT INTO `sys_rule_condition_constraint` VALUES ('RCONST-25db62ba:16f564df79a:-7665', 'RCOND-25db62ba:16f564df79a:-7696', 'vehicle.facts.VehicleApplication.vehicletype', 'vehicletype', NULL, 'is any of the ff.', 'matches', NULL, NULL, NULL, NULL, NULL, NULL, '[[key:\"tricycle\",value:\"tricycle\"]]', NULL, 0);
INSERT INTO `sys_rule_condition_constraint` VALUES ('RCONST-2926b8f1:16f82c67f3c:-731f', 'RCOND-2926b8f1:16f82c67f3c:-7c2d', 'vehicle.facts.VehicleApplication.vehicletype', 'vehicletype', NULL, 'is any of the ff.', 'matches', NULL, NULL, NULL, NULL, NULL, NULL, '[[key:\"tricycle\",value:\"tricycle\"]]', NULL, 1);
INSERT INTO `sys_rule_condition_constraint` VALUES ('RCONST-2926b8f1:16f82c67f3c:-75f2', 'RCOND-2926b8f1:16f82c67f3c:-7c2d', 'vehicle.facts.VehicleApplication.nextfranchiserenewaldate', 'nextfranchiserenewaldate', 'FDATE', 'on or before', '<=', 1, 'RCONST-2926b8f1:16f82c67f3c:-7d9c', 'CURRDATE', NULL, NULL, NULL, NULL, NULL, 0);
INSERT INTO `sys_rule_condition_constraint` VALUES ('RCONST-2926b8f1:16f82c67f3c:-7d9c', 'RCOND-2926b8f1:16f82c67f3c:-7dd1', 'com.rameses.rules.common.CurrentDate.date', 'date', 'CURRDATE', NULL, NULL, NULL, NULL, NULL, NULL, NULL, NULL, NULL, NULL, 0);
INSERT INTO `sys_rule_condition_constraint` VALUES ('RCONST-2af3ebe6:168a26aa806:-6253', 'RCOND-2af3ebe6:168a26aa806:-6255', 'enterprise.facts.BooleanInfo.value', 'value', NULL, 'is true', '== true', NULL, NULL, NULL, NULL, NULL, NULL, NULL, NULL, 1);
INSERT INTO `sys_rule_condition_constraint` VALUES ('RCONST-2af3ebe6:168a26aa806:-6254', 'RCOND-2af3ebe6:168a26aa806:-6255', 'enterprise.facts.BooleanInfo.name', 'name', 'CHANGE_OWNER_THRU_SALE', NULL, NULL, NULL, NULL, NULL, NULL, NULL, NULL, NULL, NULL, 0);
INSERT INTO `sys_rule_condition_constraint` VALUES ('RCONST-2af3ebe6:168a26aa806:-6352', 'RCOND-2af3ebe6:168a26aa806:-6372', 'vehicle.facts.VehicleApplication.apptype', 'apptype', NULL, 'is any of the ff.', 'matches', NULL, NULL, NULL, NULL, NULL, NULL, '[\"CHANGE_OWNER_UNIT\"]', NULL, 0);
INSERT INTO `sys_rule_condition_constraint` VALUES ('RCONST-2af3ebe6:168a26aa806:-650c', 'RCOND-2af3ebe6:168a26aa806:-6527', 'vehicle.facts.VehicleApplication.apptype', 'apptype', NULL, 'is any of the ff.', 'matches', NULL, NULL, NULL, NULL, NULL, NULL, '[\"CHANGE_OWNER_UNIT\"]', NULL, 0);
INSERT INTO `sys_rule_condition_constraint` VALUES ('RCONST-2af3ebe6:168a26aa806:-683e', 'RCOND-2af3ebe6:168a26aa806:-689d', 'vehicle.facts.VehicleApplication.vehicletype', 'vehicletype', NULL, 'is any of the ff.', 'matches', NULL, NULL, NULL, NULL, NULL, NULL, '[[key:\"mtop-cabtag\",value:\"mtop-cabtag\"],[key:\"mtop-inkasub\",value:\"mtop-inkasub\"],[key:\"mtop-main\",value:\"mtop-main\"],[key:\"mtop-mainord764\",value:\"mtop-mainord764\"],[key:\"mtop-mangluz\",value:\"mtop-mangluz\"],[key:\"mtop-samaba\",value:\"mtop-samaba\"]]', NULL, 1);
INSERT INTO `sys_rule_condition_constraint` VALUES ('RCONST-2af3ebe6:168a26aa806:-687d', 'RCOND-2af3ebe6:168a26aa806:-689d', 'vehicle.facts.VehicleApplication.apptype', 'apptype', NULL, 'is any of the ff.', 'matches', NULL, NULL, NULL, NULL, NULL, NULL, '[\"NEW\",\"RENEW\",\"LATE_RENEWAL\"]', NULL, 0);
INSERT INTO `sys_rule_condition_constraint` VALUES ('RCONST-2af3ebe6:168a26aa806:-6d15', 'RCOND-2af3ebe6:168a26aa806:-6d30', 'vehicle.facts.VehicleApplication.apptype', 'apptype', NULL, 'is any of the ff.', 'matches', NULL, NULL, NULL, NULL, NULL, NULL, '[\"CHANGE_UNIT\"]', NULL, 0);
INSERT INTO `sys_rule_condition_constraint` VALUES ('RCONST-2af3ebe6:168a26aa806:-703c', 'RCOND-2af3ebe6:168a26aa806:-79ca', 'treasury.facts.BillItem.account', 'account', NULL, 'is any of the ff.', 'matches', NULL, NULL, NULL, NULL, NULL, NULL, '[[key:\"FTFA00000119\",value:\"MAYOR\'S PERMIT FEE\"]]', NULL, 1);
INSERT INTO `sys_rule_condition_constraint` VALUES ('RCONST-2af3ebe6:168a26aa806:-7673', 'RCOND-2af3ebe6:168a26aa806:-7693', 'treasury.facts.BillDate.date', 'date', NULL, 'after', '>', 1, 'RCONST-2af3ebe6:168a26aa806:-7736', 'DUEDATE', NULL, NULL, NULL, NULL, NULL, 0);
INSERT INTO `sys_rule_condition_constraint` VALUES ('RCONST-2af3ebe6:168a26aa806:-7736', 'RCOND-2af3ebe6:168a26aa806:-7756', 'treasury.facts.DueDate.date', 'date', 'DUEDATE', NULL, NULL, NULL, NULL, NULL, NULL, NULL, NULL, NULL, NULL, 0);
INSERT INTO `sys_rule_condition_constraint` VALUES ('RCONST-2af3ebe6:168a26aa806:-798c', 'RCOND-2af3ebe6:168a26aa806:-79ca', 'treasury.facts.BillItem.amount', 'amount', 'AMT', NULL, NULL, NULL, NULL, NULL, NULL, NULL, NULL, NULL, NULL, 0);
INSERT INTO `sys_rule_condition_constraint` VALUES ('RCONST-2af3ebe6:168a26aa806:-7c97', 'RCOND-2af3ebe6:168a26aa806:-7cb2', 'vehicle.facts.VehicleApplication.apptype', 'apptype', NULL, 'is any of the ff.', 'matches', NULL, NULL, NULL, NULL, NULL, NULL, '[\"RENEW\",\"LATE_RENEWAL\"]', NULL, 0);
INSERT INTO `sys_rule_condition_constraint` VALUES ('RCONST-3d6f3345:164f3a00ffa:-79e5', 'RCOND-3d6f3345:164f3a00ffa:-7a10', 'vehicle.facts.VehicleApplication.appyear', 'appyear', 'YR', NULL, NULL, NULL, NULL, NULL, NULL, NULL, NULL, NULL, NULL, 0);
INSERT INTO `sys_rule_condition_constraint` VALUES ('RCONST-79820a3e:16f0c625123:-6436', 'RCOND-79820a3e:16f0c625123:-64d9', 'vehicle.facts.VehicleApplication.appyear', 'appyear', 'YR', NULL, NULL, NULL, NULL, NULL, NULL, NULL, NULL, NULL, NULL, 1);
INSERT INTO `sys_rule_condition_constraint` VALUES ('RCONST-79820a3e:16f0c625123:-64af', 'RCOND-79820a3e:16f0c625123:-64d9', 'vehicle.facts.VehicleApplication.vehicletype', 'vehicletype', NULL, 'is any of the ff.', 'matches', NULL, NULL, NULL, NULL, NULL, NULL, '[[key:\"motorcad\",value:\"motorcad\"],[key:\"tricycle\",value:\"tricycle\"]]', NULL, 0);
INSERT INTO `sys_rule_condition_constraint` VALUES ('RCONST17933c33:16f0d58ef1c:-6f99', 'RCOND17933c33:16f0d58ef1c:-707a', 'vehicle.facts.VehicleApplication.appyear', 'appyear', 'YR', NULL, NULL, NULL, NULL, NULL, NULL, NULL, NULL, NULL, NULL, 2);
INSERT INTO `sys_rule_condition_constraint` VALUES ('RCONST17933c33:16f0d58ef1c:-6ff9', 'RCOND17933c33:16f0d58ef1c:-707a', 'vehicle.facts.VehicleApplication.apptype', 'apptype', NULL, 'is any of the ff.', 'matches', NULL, NULL, NULL, NULL, NULL, NULL, '[\"NEW\"]', NULL, 1);
INSERT INTO `sys_rule_condition_constraint` VALUES ('RCONST17933c33:16f0d58ef1c:-7050', 'RCOND17933c33:16f0d58ef1c:-707a', 'vehicle.facts.VehicleApplication.vehicletype', 'vehicletype', NULL, 'is any of the ff.', 'matches', NULL, NULL, NULL, NULL, NULL, NULL, '[[key:\"tricycle\",value:\"tricycle\"]]', NULL, 0);
INSERT INTO `sys_rule_condition_constraint` VALUES ('RCONST23693274:16f0cc4aae6:-7da1', 'RC-1c7c09d1:164ee5525b1:-7fd5', 'vehicle.facts.VehicleApplication.appdate', 'appdate', 'APPDATE', NULL, NULL, NULL, NULL, NULL, NULL, NULL, NULL, NULL, NULL, 1);
INSERT INTO `sys_rule_condition_constraint` VALUES ('RCONST351e5058:16f0df7bfd7:-7606', 'RCOND351e5058:16f0df7bfd7:-7616', 'vehicle.facts.VehicleAssessYear.year', 'year', 'YR', NULL, NULL, NULL, NULL, NULL, NULL, NULL, NULL, NULL, NULL, 0);
INSERT INTO `sys_rule_condition_constraint` VALUES ('RCONST351e5058:16f0df7bfd7:-7714', 'RCOND351e5058:16f0df7bfd7:-77d2', 'vehicle.facts.VehicleApplication.apptype', 'apptype', NULL, 'is any of the ff.', 'matches', NULL, NULL, NULL, NULL, NULL, NULL, '[\"CHANGE_UNIT\"]', NULL, 1);
INSERT INTO `sys_rule_condition_constraint` VALUES ('RCONST351e5058:16f0df7bfd7:-7798', 'RCOND351e5058:16f0df7bfd7:-77d2', 'vehicle.facts.VehicleApplication.vehicletype', 'vehicletype', NULL, 'is any of the ff.', 'matches', NULL, NULL, NULL, NULL, NULL, NULL, '[[key:\"tricycle\",value:\"tricycle\"]]', NULL, 0);
INSERT INTO `sys_rule_condition_constraint` VALUES ('RCONST3cf2bbd6:16ef4232a61:-7cc0', 'RCOND3cf2bbd6:16ef4232a61:-7cd0', 'treasury.facts.Payment.amount', 'amount', 'AMT', 'greater than', '>', NULL, NULL, NULL, 0.00, NULL, NULL, NULL, NULL, 0);
INSERT INTO `sys_rule_condition_constraint` VALUES ('RCONST4adb13dd:16c88dfc11c:-7734', 'RCOND4adb13dd:16c88dfc11c:-7ac9', 'treasury.facts.BillItem.year', 'year', 'YR', NULL, NULL, NULL, NULL, NULL, NULL, NULL, NULL, NULL, NULL, 0);
INSERT INTO `sys_rule_condition_constraint` VALUES ('RCONST4e9b2048:16f0da608f1:-7346', 'RCOND4e9b2048:16f0da608f1:-7382', 'com.rameses.rules.common.CurrentDate.date', 'date', 'CDATE', NULL, NULL, NULL, NULL, NULL, NULL, NULL, NULL, NULL, NULL, 0);
INSERT INTO `sys_rule_condition_constraint` VALUES ('RCONST4e9b2048:16f0da608f1:-7aaa', 'RCOND4e9b2048:16f0da608f1:-7b2b', 'vehicle.facts.VehicleApplication.apptype', 'apptype', NULL, 'is any of the ff.', 'matches', NULL, NULL, NULL, NULL, NULL, NULL, '[\"RENEW\"]', NULL, 1);
INSERT INTO `sys_rule_condition_constraint` VALUES ('RCONST4e9b2048:16f0da608f1:-7b01', 'RCOND4e9b2048:16f0da608f1:-7b2b', 'vehicle.facts.VehicleApplication.vehicletype', 'vehicletype', NULL, 'is any of the ff.', 'matches', NULL, NULL, NULL, NULL, NULL, NULL, '[[key:\"tricycle\",value:\"tricycle\"],[key:\"motorcad\",value:\"motorcad\"]]', NULL, 0);
INSERT INTO `sys_rule_condition_constraint` VALUES ('RCONST4e9b2048:16f0da608f1:-7c9b', 'RCOND4e9b2048:16f0da608f1:-7cab', 'vehicle.facts.VehicleAssessYear.year', 'year', 'YR', NULL, NULL, NULL, NULL, NULL, NULL, NULL, NULL, NULL, NULL, 0);
INSERT INTO `sys_rule_condition_constraint` VALUES ('RCONST5aee1e82:1689f44f26b:-7175', 'RCOND5aee1e82:1689f44f26b:-71d9', 'vehicle.facts.VehicleApplication.vehicletype', 'vehicletype', NULL, 'is any of the ff.', 'matches', NULL, NULL, NULL, NULL, NULL, NULL, '[[key:\"mtop-cabtag\",value:\"mtop-cabtag\"],[key:\"mtop-inkasub\",value:\"mtop-inkasub\"],[key:\"mtop-main\",value:\"mtop-main\"],[key:\"mtop-mainord764\",value:\"mtop-mainord764\"],[key:\"mtop-mangluz\",value:\"mtop-mangluz\"],[key:\"mtop-samaba\",value:\"mtop-samaba\"]]', NULL, 1);
INSERT INTO `sys_rule_condition_constraint` VALUES ('RCONST5aee1e82:1689f44f26b:-71b9', 'RCOND5aee1e82:1689f44f26b:-71d9', 'vehicle.facts.VehicleApplication.apptype', 'apptype', NULL, 'is any of the ff.', 'matches', NULL, NULL, NULL, NULL, NULL, NULL, '[\"NEW\"]', NULL, 0);
COMMIT;

-- ----------------------------
-- Table structure for sys_rule_condition_var
-- ----------------------------
DROP TABLE IF EXISTS `sys_rule_condition_var`;
CREATE TABLE `sys_rule_condition_var` (
  `objid` varchar(50) NOT NULL,
  `parentid` varchar(50) DEFAULT NULL,
  `ruleid` varchar(50) DEFAULT NULL,
  `varname` varchar(50) DEFAULT NULL,
  `datatype` varchar(50) DEFAULT NULL,
  `pos` int(11) DEFAULT NULL,
  PRIMARY KEY (`objid`) USING BTREE,
  KEY `parentid` (`parentid`) USING BTREE,
  CONSTRAINT `sys_rule_condition_var_ibfk_1` FOREIGN KEY (`parentid`) REFERENCES `sys_rule_condition` (`objid`)
) ENGINE=InnoDB DEFAULT CHARSET=utf8;

-- ----------------------------
-- Records of sys_rule_condition_var
-- ----------------------------
BEGIN;
INSERT INTO `sys_rule_condition_var` VALUES ('RC-1c7c09d1:164ee5525b1:-7fd5', 'RC-1c7c09d1:164ee5525b1:-7fd5', 'RUL-57c2d992:164ee592b63:-7e1f', 'VAPP', 'vehicle.facts.VehicleApplication', 0);
INSERT INTO `sys_rule_condition_var` VALUES ('RC-385bbe58:1703cf84752:-2361', 'RC-385bbe58:1703cf84752:-2361', 'RUL-3906656a:1703cb19e6a:-79fa', 'VAPP', 'vehicle.facts.VehicleApplication', 0);
INSERT INTO `sys_rule_condition_var` VALUES ('RC-4dcceae8:16f56c822b6:-7ff3', 'RC-4dcceae8:16f56c822b6:-7ff3', 'RUL-56ac22a2:16f56c2317c:-7b1b', 'VAPP', 'vehicle.facts.VehicleApplication', 0);
INSERT INTO `sys_rule_condition_var` VALUES ('RC-4dcceae8:16f56c822b6:-8000', 'RC-4dcceae8:16f56c822b6:-8000', 'RUL-56ac22a2:16f56c2317c:-7ba6', 'VAPP', 'vehicle.facts.VehicleApplication', 0);
INSERT INTO `sys_rule_condition_var` VALUES ('RC1bc453a0:17051255e61:591d', 'RC1bc453a0:17051255e61:591d', 'RUL4fccdb1e:17050a3f427:-28a4', 'VAPP', 'vehicle.facts.VehicleApplication', 0);
INSERT INTO `sys_rule_condition_var` VALUES ('RC1bc453a0:17051255e61:5b60', 'RC1bc453a0:17051255e61:5b60', 'RUL4fccdb1e:17050a3f427:-286b', 'VAPP', 'vehicle.facts.VehicleApplication', 0);
INSERT INTO `sys_rule_condition_var` VALUES ('RC22798ce5:164f39ff5c7:-7efe', 'RC22798ce5:164f39ff5c7:-7efe', 'RUL-3d6f3345:164f3a00ffa:-76f8', 'VAPP', 'vehicle.facts.VehicleApplication', 0);
INSERT INTO `sys_rule_condition_var` VALUES ('RC2a9de65:1689f41a72e:-7dcd', 'RC2a9de65:1689f41a72e:-7dcd', 'RUL5aee1e82:1689f44f26b:-6be1', 'VAPP', 'vehicle.facts.VehicleApplication', 0);
INSERT INTO `sys_rule_condition_var` VALUES ('RC2a9de65:168a27ba3b4:-591b', 'RC2a9de65:168a27ba3b4:-591b', 'RUL-2af3ebe6:168a26aa806:-604f', 'VAPP', 'vehicle.facts.VehicleApplication', 0);
INSERT INTO `sys_rule_condition_var` VALUES ('RC437a7884:16f0efafa31:-7ffb', 'RC437a7884:16f0efafa31:-7ffb', 'RUL-63d80782:16f0ef8d63b:-7da6', 'VAPP', 'vehicle.facts.VehicleApplication', 0);
INSERT INTO `sys_rule_condition_var` VALUES ('RC60a398a2:1707f7ef07e:-72a8', 'RC60a398a2:1707f7ef07e:-72a8', 'RUL-489907a0:1707f2afd48:-7438', 'VAPP', 'vehicle.facts.VehicleApplication', 0);
INSERT INTO `sys_rule_condition_var` VALUES ('RC60a398a2:1707f7ef07e:-72ab', 'RC60a398a2:1707f7ef07e:-72ab', 'RUL-489907a0:1707f2afd48:-7438', 'BILLITEM', 'treasury.facts.BillItem', 2);
INSERT INTO `sys_rule_condition_var` VALUES ('RC716ac8c6:16f0db01197:-7fa3', 'RC716ac8c6:16f0db01197:-7fa3', 'RUL351e5058:16f0df7bfd7:-73ce', 'VAPP', 'vehicle.facts.VehicleApplication', 0);
INSERT INTO `sys_rule_condition_var` VALUES ('RC716ac8c6:16f0db01197:-7faa', 'RC716ac8c6:16f0db01197:-7faa', 'RUL351e5058:16f0df7bfd7:-74c0', 'VAPP', 'vehicle.facts.VehicleApplication', 0);
INSERT INTO `sys_rule_condition_var` VALUES ('RCC-4dcceae8:16f56c822b6:-7ff4', 'RC-4dcceae8:16f56c822b6:-7ff5', 'RUL-56ac22a2:16f56c2317c:-7b1b', 'YR', 'integer', 0);
INSERT INTO `sys_rule_condition_var` VALUES ('RCC-4dcceae8:16f56c822b6:-7ff7', 'RC-4dcceae8:16f56c822b6:-7ff8', 'RUL-56ac22a2:16f56c2317c:-7b1b', 'OWNER_DRIVER', 'boolean', 1);
INSERT INTO `sys_rule_condition_var` VALUES ('RCC1bc453a0:17051255e61:591c', 'RC1bc453a0:17051255e61:5917', 'RUL4fccdb1e:17050a3f427:-28a4', 'CHANGE_OWNER_THRU_SALE', 'string', 0);
INSERT INTO `sys_rule_condition_var` VALUES ('RCC1bc453a0:17051255e61:5b63', 'RC1bc453a0:17051255e61:5b62', 'RUL4fccdb1e:17050a3f427:-286b', 'CHANGE_OWNER_THRU_SALE', 'string', 0);
INSERT INTO `sys_rule_condition_var` VALUES ('RCC22798ce5:164f39ff5c7:-7efd', 'RC22798ce5:164f39ff5c7:-7efe', 'RUL-3d6f3345:164f3a00ffa:-76f8', 'YR', 'integer', 0);
INSERT INTO `sys_rule_condition_var` VALUES ('RCC2a9de65:168a27ba3b4:-591c', 'RC2a9de65:168a27ba3b4:-591e', 'RUL-2af3ebe6:168a26aa806:-604f', 'CHANGE_OWNER_THRU_SALE', 'string', 0);
INSERT INTO `sys_rule_condition_var` VALUES ('RCC437a7884:16f0efafa31:-7ffc', 'RC437a7884:16f0efafa31:-7ffd', 'RUL-63d80782:16f0ef8d63b:-7da6', 'YR', 'integer', 0);
INSERT INTO `sys_rule_condition_var` VALUES ('RCC60a398a2:1707f7ef07e:-72a9', 'RC60a398a2:1707f7ef07e:-72ab', 'RUL-489907a0:1707f2afd48:-7438', 'AMT', 'decimal', 0);
INSERT INTO `sys_rule_condition_var` VALUES ('RCC60a398a2:1707f7ef07e:-72ac', 'RC60a398a2:1707f7ef07e:-72ad', 'RUL-489907a0:1707f2afd48:-7438', 'DUEDATE', 'date', 0);
INSERT INTO `sys_rule_condition_var` VALUES ('RCC716ac8c6:16f0db01197:-7f9f', 'RC716ac8c6:16f0db01197:-7fa0', 'RUL351e5058:16f0df7bfd7:-73ce', 'YR', 'integer', 0);
INSERT INTO `sys_rule_condition_var` VALUES ('RCC716ac8c6:16f0db01197:-7fab', 'RC716ac8c6:16f0db01197:-7fac', 'RUL351e5058:16f0df7bfd7:-74c0', 'YR', 'integer', 0);
INSERT INTO `sys_rule_condition_var` VALUES ('RCOND-14e42a95:16f708fffae:-70e2', 'RCOND-14e42a95:16f708fffae:-70e2', 'RUL4adb13dd:16c88dfc11c:-7b80', 'HOLIDAYS', 'treasury.facts.HolidayFact', 2);
INSERT INTO `sys_rule_condition_var` VALUES ('RCOND-14e42a95:16f708fffae:-79d1', 'RCOND-14e42a95:16f708fffae:-79d1', 'RUL-14e42a95:16f708fffae:-7aaa', 'BILLITEM', 'treasury.facts.BillItem', 0);
INSERT INTO `sys_rule_condition_var` VALUES ('RCOND-14e42a95:16f708fffae:-7baf', 'RCOND-14e42a95:16f708fffae:-7baf', 'RUL4adb13dd:16c88dfc11c:-7b80', 'VAPP', 'vehicle.facts.VehicleApplication', 1);
INSERT INTO `sys_rule_condition_var` VALUES ('RCOND-25db62ba:16f564df79a:-73ff', 'RCOND-25db62ba:16f564df79a:-73ff', 'RUL-25db62ba:16f564df79a:-7728', 'BILLITEM', 'treasury.facts.BillItem', 2);
INSERT INTO `sys_rule_condition_var` VALUES ('RCOND-25db62ba:16f564df79a:-7696', 'RCOND-25db62ba:16f564df79a:-7696', 'RUL-25db62ba:16f564df79a:-7728', 'VAPP', 'vehicle.facts.VehicleApplication', 0);
INSERT INTO `sys_rule_condition_var` VALUES ('RCOND-2926b8f1:16f82c67f3c:-7c2d', 'RCOND-2926b8f1:16f82c67f3c:-7c2d', 'RUL-2926b8f1:16f82c67f3c:-7e11', 'VAPP', 'vehicle.facts.VehicleApplication', 1);
INSERT INTO `sys_rule_condition_var` VALUES ('RCOND-2af3ebe6:168a26aa806:-6372', 'RCOND-2af3ebe6:168a26aa806:-6372', 'RUL-2af3ebe6:168a26aa806:-63d4', 'VAPP', 'vehicle.facts.VehicleApplication', 0);
INSERT INTO `sys_rule_condition_var` VALUES ('RCOND-2af3ebe6:168a26aa806:-6527', 'RCOND-2af3ebe6:168a26aa806:-6527', 'RUL-2af3ebe6:168a26aa806:-6589', 'VAPP', 'vehicle.facts.VehicleApplication', 0);
INSERT INTO `sys_rule_condition_var` VALUES ('RCOND-2af3ebe6:168a26aa806:-689d', 'RCOND-2af3ebe6:168a26aa806:-689d', 'RUL-2af3ebe6:168a26aa806:-690a', 'VAPP', 'vehicle.facts.VehicleApplication', 0);
INSERT INTO `sys_rule_condition_var` VALUES ('RCOND-2af3ebe6:168a26aa806:-6d30', 'RCOND-2af3ebe6:168a26aa806:-6d30', 'RUL789fb8a5:168a24fe63a:-7977', 'VAPP', 'vehicle.facts.VehicleApplication', 0);
INSERT INTO `sys_rule_condition_var` VALUES ('RCOND-2af3ebe6:168a26aa806:-79ca', 'RCOND-2af3ebe6:168a26aa806:-79ca', 'RUL-2af3ebe6:168a26aa806:-7d39', 'BILLITEM', 'treasury.facts.BillItem', 2);
INSERT INTO `sys_rule_condition_var` VALUES ('RCOND-2af3ebe6:168a26aa806:-7cb2', 'RCOND-2af3ebe6:168a26aa806:-7cb2', 'RUL-2af3ebe6:168a26aa806:-7d39', 'VAPP', 'vehicle.facts.VehicleApplication', 0);
INSERT INTO `sys_rule_condition_var` VALUES ('RCOND-3d6f3345:164f3a00ffa:-7a10', 'RCOND-3d6f3345:164f3a00ffa:-7a10', 'RUL-3d6f3345:164f3a00ffa:-7a46', 'VAPP', 'vehicle.facts.VehicleApplication', 0);
INSERT INTO `sys_rule_condition_var` VALUES ('RCOND-79820a3e:16f0c625123:-64d9', 'RCOND-79820a3e:16f0c625123:-64d9', 'RUL-79820a3e:16f0c625123:-6529', 'VAPP', 'vehicle.facts.VehicleApplication', 0);
INSERT INTO `sys_rule_condition_var` VALUES ('RCOND17933c33:16f0d58ef1c:-707a', 'RCOND17933c33:16f0d58ef1c:-707a', 'RUL17933c33:16f0d58ef1c:-710c', 'VAPP', 'vehicle.facts.VehicleApplication', 0);
INSERT INTO `sys_rule_condition_var` VALUES ('RCOND351e5058:16f0df7bfd7:-77d2', 'RCOND351e5058:16f0df7bfd7:-77d2', 'RUL351e5058:16f0df7bfd7:-7864', 'VAPP', 'vehicle.facts.VehicleApplication', 0);
INSERT INTO `sys_rule_condition_var` VALUES ('RCOND3cf2bbd6:16ef4232a61:-7cd0', 'RCOND3cf2bbd6:16ef4232a61:-7cd0', 'RUL3cf2bbd6:16ef4232a61:-7d8e', 'PMT', 'treasury.facts.Payment', 0);
INSERT INTO `sys_rule_condition_var` VALUES ('RCOND4adb13dd:16c88dfc11c:-7ac9', 'RCOND4adb13dd:16c88dfc11c:-7ac9', 'RUL4adb13dd:16c88dfc11c:-7b80', 'BILLITEM', 'treasury.facts.BillItem', 0);
INSERT INTO `sys_rule_condition_var` VALUES ('RCOND4e9b2048:16f0da608f1:-7b2b', 'RCOND4e9b2048:16f0da608f1:-7b2b', 'RUL9c39035:16f0d95ddf6:-7cf8', 'VAPP', 'vehicle.facts.VehicleApplication', 1);
INSERT INTO `sys_rule_condition_var` VALUES ('RCOND5aee1e82:1689f44f26b:-71d9', 'RCOND5aee1e82:1689f44f26b:-71d9', 'RUL5aee1e82:1689f44f26b:-7251', 'VAPP', 'vehicle.facts.VehicleApplication', 0);
INSERT INTO `sys_rule_condition_var` VALUES ('RCONST-14e42a95:16f708fffae:-780a', 'RCOND-14e42a95:16f708fffae:-78b0', 'RUL-14e42a95:16f708fffae:-7aaa', 'EXDATE', 'date', 1);
INSERT INTO `sys_rule_condition_var` VALUES ('RCONST-14e42a95:16f708fffae:-797a', 'RCOND-14e42a95:16f708fffae:-79d1', 'RUL-14e42a95:16f708fffae:-7aaa', 'BYR', 'integer', 0);
INSERT INTO `sys_rule_condition_var` VALUES ('RCONST-2926b8f1:16f82c67f3c:-75f2', 'RCOND-2926b8f1:16f82c67f3c:-7c2d', 'RUL-2926b8f1:16f82c67f3c:-7e11', 'FDATE', 'date', 0);
INSERT INTO `sys_rule_condition_var` VALUES ('RCONST-2926b8f1:16f82c67f3c:-7d9c', 'RCOND-2926b8f1:16f82c67f3c:-7dd1', 'RUL-2926b8f1:16f82c67f3c:-7e11', 'CURRDATE', 'date', 0);
INSERT INTO `sys_rule_condition_var` VALUES ('RCONST-2af3ebe6:168a26aa806:-6254', 'RCOND-2af3ebe6:168a26aa806:-6255', 'RUL-2af3ebe6:168a26aa806:-63d4', 'CHANGE_OWNER_THRU_SALE', 'string', 0);
INSERT INTO `sys_rule_condition_var` VALUES ('RCONST-2af3ebe6:168a26aa806:-7736', 'RCOND-2af3ebe6:168a26aa806:-7756', 'RUL-2af3ebe6:168a26aa806:-7d39', 'DUEDATE', 'date', 0);
INSERT INTO `sys_rule_condition_var` VALUES ('RCONST-2af3ebe6:168a26aa806:-798c', 'RCOND-2af3ebe6:168a26aa806:-79ca', 'RUL-2af3ebe6:168a26aa806:-7d39', 'AMT', 'decimal', 0);
INSERT INTO `sys_rule_condition_var` VALUES ('RCONST-3d6f3345:164f3a00ffa:-79e5', 'RCOND-3d6f3345:164f3a00ffa:-7a10', 'RUL-3d6f3345:164f3a00ffa:-7a46', 'YR', 'integer', 0);
INSERT INTO `sys_rule_condition_var` VALUES ('RCONST-79820a3e:16f0c625123:-6436', 'RCOND-79820a3e:16f0c625123:-64d9', 'RUL-79820a3e:16f0c625123:-6529', 'YR', 'integer', 1);
INSERT INTO `sys_rule_condition_var` VALUES ('RCONST17933c33:16f0d58ef1c:-6f99', 'RCOND17933c33:16f0d58ef1c:-707a', 'RUL17933c33:16f0d58ef1c:-710c', 'YR', 'integer', 2);
INSERT INTO `sys_rule_condition_var` VALUES ('RCONST23693274:16f0cc4aae6:-7da1', 'RC-1c7c09d1:164ee5525b1:-7fd5', 'RUL-57c2d992:164ee592b63:-7e1f', 'APPDATE', 'date', 1);
INSERT INTO `sys_rule_condition_var` VALUES ('RCONST351e5058:16f0df7bfd7:-7606', 'RCOND351e5058:16f0df7bfd7:-7616', 'RUL351e5058:16f0df7bfd7:-7864', 'YR', 'integer', 0);
INSERT INTO `sys_rule_condition_var` VALUES ('RCONST3cf2bbd6:16ef4232a61:-7cc0', 'RCOND3cf2bbd6:16ef4232a61:-7cd0', 'RUL3cf2bbd6:16ef4232a61:-7d8e', 'AMT', 'decimal', 0);
INSERT INTO `sys_rule_condition_var` VALUES ('RCONST4adb13dd:16c88dfc11c:-7734', 'RCOND4adb13dd:16c88dfc11c:-7ac9', 'RUL4adb13dd:16c88dfc11c:-7b80', 'YR', 'integer', 0);
INSERT INTO `sys_rule_condition_var` VALUES ('RCONST4e9b2048:16f0da608f1:-7346', 'RCOND4e9b2048:16f0da608f1:-7382', 'RUL9c39035:16f0d95ddf6:-7cf8', 'CDATE', 'date', 0);
INSERT INTO `sys_rule_condition_var` VALUES ('RCONST4e9b2048:16f0da608f1:-7c9b', 'RCOND4e9b2048:16f0da608f1:-7cab', 'RUL9c39035:16f0d95ddf6:-7cf8', 'YR', 'integer', 0);
COMMIT;

-- ----------------------------
-- Table structure for sys_rule_deployed
-- ----------------------------
DROP TABLE IF EXISTS `sys_rule_deployed`;
CREATE TABLE `sys_rule_deployed` (
  `objid` varchar(50) NOT NULL,
  `ruletext` longtext,
  PRIMARY KEY (`objid`) USING BTREE,
  CONSTRAINT `sys_rule_deployed_ibfk_1` FOREIGN KEY (`objid`) REFERENCES `sys_rule` (`objid`)
) ENGINE=InnoDB DEFAULT CHARSET=utf8;

-- ----------------------------
-- Records of sys_rule_deployed
-- ----------------------------
BEGIN;
INSERT INTO `sys_rule_deployed` VALUES ('RUL-14e42a95:16f708fffae:-7aaa', '\npackage vehiclebilling.SET_EXTENDED_DUE_DATE;\nimport vehiclebilling.*;\nimport java.util.*;\nimport com.rameses.rules.common.*;\n\nglobal RuleAction action;\n\nrule \"SET_EXTENDED_DUE_DATE\"\n	agenda-group \"initial\"\n	salience 1000\n	no-loop\n	when\n		\n		\n		BILLITEM: treasury.facts.BillItem (  BYR:year ) \n		\n		 treasury.facts.ExtensionDate (  year == BYR,EXDATE:date ) \n		\n	then\n		Map bindings = new HashMap();\n		\n		bindings.put(\"BILLITEM\", BILLITEM );\n		\n		bindings.put(\"BYR\", BYR );\n		\n		bindings.put(\"EXDATE\", EXDATE );\n		\n	Map _p0 = new HashMap();\n_p0.put( \"billitem\", BILLITEM );\n_p0.put( \"fieldname\", \"duedate\" );\n_p0.put( \"value\", (new ActionExpression(\"EXDATE\", bindings)) );\naction.execute( \"set-billitem-property\",_p0,drools);\n\nend\n\n\n	');
INSERT INTO `sys_rule_deployed` VALUES ('RUL-25db62ba:16f564df79a:-7728', '\npackage vehicleassessment.REMOVE_MAYORS_PERMIT_IF_ADDITIONAL;\nimport vehicleassessment.*;\nimport java.util.*;\nimport com.rameses.rules.common.*;\n\nglobal RuleAction action;\n\nrule \"REMOVE_MAYORS_PERMIT_IF_ADDITIONAL\"\n	agenda-group \"summary\"\n	salience 50000\n	no-loop\n	when\n		\n		\n		VAPP: vehicle.facts.VehicleApplication (  vehicletype matches \"tricycle\" ) \n		\n		 enterprise.facts.BooleanInfo (  name matches \"IS_ADDITIONAL_UNIT\",value == true  ) \n		\n		BILLITEM: treasury.facts.BillItem (  billcode matches \"SUBACCT7013cabe:1292455dafd:-7ee0\" ) \n		\n	then\n		Map bindings = new HashMap();\n		\n		bindings.put(\"VAPP\", VAPP );\n		\n		bindings.put(\"BILLITEM\", BILLITEM );\n		\n	Map _p0 = new HashMap();\n_p0.put( \"billitem\", BILLITEM );\naction.execute( \"remove-billitem\",_p0,drools);\n\nend\n\n\n	');
INSERT INTO `sys_rule_deployed` VALUES ('RUL-2926b8f1:16f82c67f3c:-7e11', '\npackage vehicledates.MTOP_FRANCHISE_RENEWAL_DATE;\nimport vehicledates.*;\nimport java.util.*;\nimport com.rameses.rules.common.*;\n\nglobal RuleAction action;\n\nrule \"MTOP_FRANCHISE_RENEWAL_DATE\"\n	agenda-group \"initial\"\n	salience 50000\n	no-loop\n	when\n		\n		\n		 com.rameses.rules.common.CurrentDate (  CURRDATE:date ) \n		\n		VAPP: vehicle.facts.VehicleApplication (  FDATE:nextfranchiserenewaldate <= CURRDATE,vehicletype matches \"tricycle\" ) \n		\n	then\n		Map bindings = new HashMap();\n		\n		bindings.put(\"FDATE\", FDATE );\n		\n		bindings.put(\"CURRDATE\", CURRDATE );\n		\n		bindings.put(\"VAPP\", VAPP );\n		\n	Map _p0 = new HashMap();\n_p0.put( \"tag\", \"nextfranchiserenewaldate\" );\n_p0.put( \"date\", (new ActionExpression(\"int yr = @YEAR(FDATE); int mon = @MONTH(FDATE); int day = @DAY(FDATE); return @DATE( yr + 3, mon, day );\", bindings)) );\naction.execute( \"add-vardate\",_p0,drools);\n\nend\n\n\n	');
INSERT INTO `sys_rule_deployed` VALUES ('RUL-56ac22a2:16f56c2317c:-7b1b', '\npackage vehicleassessment.MTOP_NEW_RENEW_AND_CHANGE_FEES;\nimport vehicleassessment.*;\nimport java.util.*;\nimport com.rameses.rules.common.*;\n\nglobal RuleAction action;\n\nrule \"MTOP_NEW_RENEW_AND_CHANGE_FEES\"\n	agenda-group \"compute-fee\"\n	salience 50000\n	no-loop\n	when\n		\n		\n		VAPP: vehicle.facts.VehicleApplication (  vehicletype matches \"tricycle\",apptype matches \"NEW|RENEW|CHANGE_UNIT|CHANGE_OWNER_UNIT|CHANGE_OWNER\" ) \n		\n		 vehicle.facts.VehicleAssessYear (  YR:year ) \n		\n		 enterprise.facts.BooleanInfo (  name matches \"IS_OWNER_DRIVER\",OWNER_DRIVER:value ) \n		\n	then\n		Map bindings = new HashMap();\n		\n		bindings.put(\"VAPP\", VAPP );\n		\n		bindings.put(\"YR\", YR );\n		\n		bindings.put(\"OWNER_DRIVER\", OWNER_DRIVER );\n		\n	Map _p0 = new HashMap();\n_p0.put( \"amount\", (new ActionExpression(\"750\", bindings)) );\n_p0.put( \"billcode\", new KeyValue(\"SUBACCT7013cabe:1292455dafd:-7ee0\", \"MTOP MAYOR PERMIT\") );\n_p0.put( \"year\", (new ActionExpression(\"YR\", bindings)) );\naction.execute( \"add-billitem\",_p0,drools);\nMap _p1 = new HashMap();\n_p1.put( \"amount\", (new ActionExpression(\"75\", bindings)) );\n_p1.put( \"billcode\", new KeyValue(\"SUBACCT7013cabe:1292455dafd:-7e64\", \"MTOP POLICE CLEARANCE\") );\n_p1.put( \"year\", (new ActionExpression(\"YR\", bindings)) );\naction.execute( \"add-billitem\",_p1,drools);\nMap _p2 = new HashMap();\n_p2.put( \"amount\", (new ActionExpression(\"30\", bindings)) );\n_p2.put( \"billcode\", new KeyValue(\"SUBACCT7013cabe:1292455dafd:-7e9e\", \"MTOP STICKER\") );\n_p2.put( \"year\", (new ActionExpression(\"YR\", bindings)) );\naction.execute( \"add-billitem\",_p2,drools);\nMap _p3 = new HashMap();\n_p3.put( \"amount\", (new ActionExpression(\"75\", bindings)) );\n_p3.put( \"billcode\", new KeyValue(\"ITMACCT-76a561c8:158ddc64b60:-7392\", \"MTOP-ESPF\") );\n_p3.put( \"year\", (new ActionExpression(\"YR\", bindings)) );\naction.execute( \"add-billitem\",_p3,drools);\nMap _p4 = new HashMap();\n_p4.put( \"amount\", (new ActionExpression(\"250\", bindings)) );\n_p4.put( \"billcode\", new KeyValue(\"ITMACCT56c2dc75:15d829b906d:-6dc3\", \"MTOP- ANNUAL FRANCHISE SUPERVISORY FEE\") );\n_p4.put( \"year\", (new ActionExpression(\"YR \", bindings)) );\naction.execute( \"add-billitem\",_p4,drools);\nMap _p5 = new HashMap();\n_p5.put( \"amount\", (new ActionExpression(\"@IIF( OWNER_DRIVER == true ,  130,  260 )\", bindings)) );\n_p5.put( \"billcode\", new KeyValue(\"ITMACCT56c2dc75:15d829b906d:-6f81\", \"MTOP-LABORATORY FEE\") );\n_p5.put( \"year\", (new ActionExpression(\"YR\", bindings)) );\naction.execute( \"add-billitem\",_p5,drools);\nMap _p6 = new HashMap();\n_p6.put( \"amount\", (new ActionExpression(\"@IIF( OWNER_DRIVER == true , 100,200  )\", bindings)) );\n_p6.put( \"billcode\", new KeyValue(\"ITMACCT56c2dc75:15d829b906d:-6f69\", \"MTOP-OCCUPATIONAL CALLING\") );\n_p6.put( \"year\", (new ActionExpression(\"YR\", bindings)) );\naction.execute( \"add-billitem\",_p6,drools);\n\nend\n\n\n	');
INSERT INTO `sys_rule_deployed` VALUES ('RUL-56ac22a2:16f56c2317c:-7ba6', '\npackage vehicleassessment.ASK_APP_INFO;\nimport vehicleassessment.*;\nimport java.util.*;\nimport com.rameses.rules.common.*;\n\nglobal RuleAction action;\n\nrule \"ASK_APP_INFO\"\n	agenda-group \"ask-info\"\n	salience 50000\n	no-loop\n	when\n		\n		\n		VAPP: vehicle.facts.VehicleApplication (  apptype matches \"NEW|RENEW|CHANGE_OWNER|CHANGE_UNIT|CHANGE_OWNER_UNIT\" ) \n		\n	then\n		Map bindings = new HashMap();\n		\n		bindings.put(\"VAPP\", VAPP );\n		\n	Map _p0 = new HashMap();\n_p0.put( \"name\", new KeyValue(\"IS_OWNER_DRIVER\", \"IS_OWNER_DRIVER\") );\n_p0.put( \"value\", (new ActionExpression(\"false\", bindings)) );\naction.execute( \"ask-info\",_p0,drools);\nMap _p1 = new HashMap();\n_p1.put( \"name\", new KeyValue(\"IS_ADDITIONAL_UNIT\", \"IS_ADDITIONAL_UNIT\") );\n_p1.put( \"value\", (new ActionExpression(\"false\", bindings)) );\naction.execute( \"ask-info\",_p1,drools);\n\nend\n\n\n	');
INSERT INTO `sys_rule_deployed` VALUES ('RUL-57c2d992:164ee592b63:-7e1f', '\npackage vehicledates.MOTORCYCLE_RENEWAL_DATE;\nimport vehicledates.*;\nimport java.util.*;\nimport com.rameses.rules.common.*;\n\nglobal RuleAction action;\n\nrule \"MOTORCYCLE_RENEWAL_DATE\"\n	agenda-group \"initial\"\n	salience 50000\n	no-loop\n	when\n		\n		\n		VAPP: vehicle.facts.VehicleApplication (  vehicletype matches \"pedicab|tricycle\",APPDATE:appdate ) \n		\n	then\n		Map bindings = new HashMap();\n		\n		bindings.put(\"VAPP\", VAPP );\n		\n		bindings.put(\"APPDATE\", APPDATE );\n		\n	Map _p0 = new HashMap();\n_p0.put( \"tag\", \"expirydate\" );\n_p0.put( \"date\", (new ActionExpression(\"int yr = @YEAR( APPDATE  ); int mon = @MONTH( APPDATE  ); int day = @DAY( APPDATE  ); if( mon < 10 ) {      return @DATE( yr , 10,  31 );     }; else {      return @DATE( yr + 1, 10, 31 ); };\", bindings)) );\naction.execute( \"add-vardate\",_p0,drools);\n\nend\n\n\n	');
INSERT INTO `sys_rule_deployed` VALUES ('RUL-63d80782:16f0ef8d63b:-7da6', '\npackage vehicleassessment.DROP_UNIT;\nimport vehicleassessment.*;\nimport java.util.*;\nimport com.rameses.rules.common.*;\n\nglobal RuleAction action;\n\nrule \"DROP_UNIT\"\n	agenda-group \"compute-fee\"\n	salience 50000\n	no-loop\n	when\n		\n		\n		VAPP: vehicle.facts.VehicleApplication (  vehicletype matches \"tricycle\",apptype matches \"DROP\" ) \n		\n		 vehicle.facts.VehicleAssessYear (  YR:year ) \n		\n	then\n		Map bindings = new HashMap();\n		\n		bindings.put(\"VAPP\", VAPP );\n		\n		bindings.put(\"YR\", YR );\n		\n	Map _p0 = new HashMap();\n_p0.put( \"amount\", (new ActionExpression(\"200\", bindings)) );\n_p0.put( \"billcode\", new KeyValue(\"307-12\", \"MTOP-DROPPING FEE\") );\n_p0.put( \"year\", (new ActionExpression(\"YR\", bindings)) );\naction.execute( \"add-billitem\",_p0,drools);\n\nend\n\n\n	');
INSERT INTO `sys_rule_deployed` VALUES ('RUL351e5058:16f0df7bfd7:-73ce', '\npackage vehicleassessment.CHANGE_OWNER_UNIT;\nimport vehicleassessment.*;\nimport java.util.*;\nimport com.rameses.rules.common.*;\n\nglobal RuleAction action;\n\nrule \"CHANGE_OWNER_UNIT\"\n	agenda-group \"compute-fee\"\n	salience 50000\n	no-loop\n	when\n		\n		\n		VAPP: vehicle.facts.VehicleApplication (  vehicletype matches \"tricycle\",apptype matches \"CHANGE_OWNER_UNIT\" ) \n		\n		 vehicle.facts.VehicleAssessYear (  YR:year ) \n		\n	then\n		Map bindings = new HashMap();\n		\n		bindings.put(\"VAPP\", VAPP );\n		\n		bindings.put(\"YR\", YR );\n		\n	Map _p0 = new HashMap();\n_p0.put( \"amount\", (new ActionExpression(\"1000\", bindings)) );\n_p0.put( \"billcode\", new KeyValue(\"307-17\", \"MTOP-CHANGE UNIT\") );\n_p0.put( \"year\", (new ActionExpression(\"YR\", bindings)) );\naction.execute( \"add-billitem\",_p0,drools);\n\nend\n\n\n	');
INSERT INTO `sys_rule_deployed` VALUES ('RUL351e5058:16f0df7bfd7:-74c0', '\npackage vehicleassessment.CHANGE_OWNER;\nimport vehicleassessment.*;\nimport java.util.*;\nimport com.rameses.rules.common.*;\n\nglobal RuleAction action;\n\nrule \"CHANGE_OWNER\"\n	agenda-group \"compute-fee\"\n	salience 50000\n	no-loop\n	when\n		\n		\n		VAPP: vehicle.facts.VehicleApplication (  vehicletype matches \"tricycle\",apptype matches \"CHANGE_OWNER\" ) \n		\n		 vehicle.facts.VehicleAssessYear (  YR:year ) \n		\n	then\n		Map bindings = new HashMap();\n		\n		bindings.put(\"VAPP\", VAPP );\n		\n		bindings.put(\"YR\", YR );\n		\n	Map _p0 = new HashMap();\n_p0.put( \"amount\", (new ActionExpression(\"1000\", bindings)) );\n_p0.put( \"billcode\", new KeyValue(\"307-15\", \"CHANGE OWNER\") );\n_p0.put( \"year\", (new ActionExpression(\"YR\", bindings)) );\naction.execute( \"add-billitem\",_p0,drools);\n\nend\n\n\n	');
INSERT INTO `sys_rule_deployed` VALUES ('RUL351e5058:16f0df7bfd7:-7864', '\npackage vehicleassessment.CHANGE_UNIT;\nimport vehicleassessment.*;\nimport java.util.*;\nimport com.rameses.rules.common.*;\n\nglobal RuleAction action;\n\nrule \"CHANGE_UNIT\"\n	agenda-group \"compute-fee\"\n	salience 50000\n	no-loop\n	when\n		\n		\n		VAPP: vehicle.facts.VehicleApplication (  vehicletype matches \"tricycle\",apptype matches \"CHANGE_UNIT\" ) \n		\n		 vehicle.facts.VehicleAssessYear (  YR:year ) \n		\n	then\n		Map bindings = new HashMap();\n		\n		bindings.put(\"VAPP\", VAPP );\n		\n		bindings.put(\"YR\", YR );\n		\n	Map _p0 = new HashMap();\n_p0.put( \"amount\", (new ActionExpression(\"1000\", bindings)) );\n_p0.put( \"billcode\", new KeyValue(\"307-17\", \"MTOP-CHANGE UNIT\") );\n_p0.put( \"year\", (new ActionExpression(\"YR\", bindings)) );\naction.execute( \"add-billitem\",_p0,drools);\n\nend\n\n\n	');
INSERT INTO `sys_rule_deployed` VALUES ('RUL4adb13dd:16c88dfc11c:-7b80', '\npackage vehiclebilling.SET_BILL_ITEM_DUE_DATE;\nimport vehiclebilling.*;\nimport java.util.*;\nimport com.rameses.rules.common.*;\n\nglobal RuleAction action;\n\nrule \"SET_BILL_ITEM_DUE_DATE\"\n	agenda-group \"initial\"\n	salience 50000\n	no-loop\n	when\n		\n		\n		BILLITEM: treasury.facts.BillItem (  YR:year ) \n		\n		VAPP: vehicle.facts.VehicleApplication (  apptype matches \"RENEW\" ) \n		\n		HOLIDAYS: treasury.facts.HolidayFact (   ) \n		\n	then\n		Map bindings = new HashMap();\n		\n		bindings.put(\"BILLITEM\", BILLITEM );\n		\n		bindings.put(\"YR\", YR );\n		\n		bindings.put(\"VAPP\", VAPP );\n		\n		bindings.put(\"HOLIDAYS\", HOLIDAYS );\n		\n	Map _p0 = new HashMap();\n_p0.put( \"billitem\", BILLITEM );\n_p0.put( \"fieldname\", \"duedate\" );\n_p0.put( \"value\", (new ActionExpression(\"def dt = @DATE( YR, 1 , 20 ); return @FINDNEXTWORKDAY( dt ,  HOLIDAYS, 1 );\", bindings)) );\naction.execute( \"set-billitem-property\",_p0,drools);\n\nend\n\n\n	');
COMMIT;

-- ----------------------------
-- Table structure for sys_rule_fact
-- ----------------------------
DROP TABLE IF EXISTS `sys_rule_fact`;
CREATE TABLE `sys_rule_fact` (
  `objid` varchar(50) NOT NULL,
  `name` varchar(50) NOT NULL,
  `title` varchar(160) DEFAULT NULL,
  `factclass` varchar(50) DEFAULT NULL,
  `sortorder` int(11) DEFAULT NULL,
  `handler` varchar(50) DEFAULT NULL,
  `defaultvarname` varchar(25) DEFAULT NULL,
  `dynamic` int(11) DEFAULT NULL,
  `lookuphandler` varchar(50) DEFAULT NULL,
  `lookupkey` varchar(50) DEFAULT NULL,
  `lookupvalue` varchar(50) DEFAULT NULL,
  `lookupdatatype` varchar(50) DEFAULT NULL,
  `dynamicfieldname` varchar(50) DEFAULT NULL,
  `builtinconstraints` varchar(50) DEFAULT NULL,
  `domain` varchar(50) DEFAULT NULL,
  `factsuperclass` varchar(50) DEFAULT NULL,
  PRIMARY KEY (`objid`) USING BTREE
) ENGINE=InnoDB DEFAULT CHARSET=utf8;

-- ----------------------------
-- Records of sys_rule_fact
-- ----------------------------
BEGIN;
INSERT INTO `sys_rule_fact` VALUES ('com.rameses.rules.common.CurrentDate', 'com.rameses.rules.common.CurrentDate', 'Current Date', 'com.rameses.rules.common.CurrentDate', 0, NULL, NULL, NULL, NULL, NULL, NULL, NULL, NULL, NULL, 'SYSTEM', NULL);
INSERT INTO `sys_rule_fact` VALUES ('enterprise.facts.BooleanInfo', 'enterprise.facts.BooleanInfo', 'Boolean (Yes No) Info', 'enterprise.facts.BooleanInfo', 0, NULL, NULL, NULL, NULL, NULL, NULL, NULL, NULL, NULL, 'ENTERPRISE', 'enterprise.facts.VariableInfo');
INSERT INTO `sys_rule_fact` VALUES ('enterprise.facts.DateInfo', 'enterprise.facts.DateInfo', 'Date Info', 'enterprise.facts.DateInfo', 0, NULL, NULL, NULL, NULL, NULL, NULL, NULL, NULL, NULL, 'ENTERPRISE', 'enterprise.facts.VariableInfo');
INSERT INTO `sys_rule_fact` VALUES ('enterprise.facts.IntegerInfo', 'enterprise.facts.IntegerInfo', 'Integer Info', 'enterprise.facts.IntegerInfo', 0, NULL, NULL, NULL, NULL, NULL, NULL, NULL, NULL, NULL, 'ENTERPRISE', 'enterprise.facts.VariableInfo');
INSERT INTO `sys_rule_fact` VALUES ('enterprise.facts.Requirement', 'enterprise.facts.Requirement', 'Requirement', 'enterprise.facts.Requirement', 0, NULL, NULL, NULL, NULL, NULL, NULL, NULL, NULL, NULL, 'ENTERPRISE', NULL);
INSERT INTO `sys_rule_fact` VALUES ('enterprise.facts.StringArrayInfo', 'enterprise.facts.StringArrayInfo', 'String Array Info', 'enterprise.facts.StringArrayInfo', 0, NULL, NULL, NULL, NULL, NULL, NULL, NULL, NULL, NULL, 'ENTERPRISE', 'enterprise.facts.VariableInfo');
INSERT INTO `sys_rule_fact` VALUES ('enterprise.facts.StringInfo', 'enterprise.facts.StringInfo', 'String Info', 'enterprise.facts.StringInfo', 0, NULL, NULL, NULL, NULL, NULL, NULL, NULL, NULL, NULL, 'ENTERPRISE', 'enterprise.facts.VariableInfo');
INSERT INTO `sys_rule_fact` VALUES ('treasury.facts.AppDate', 'treasury.facts.AppDate', 'Application Date', 'treasury.facts.AppDate', 1, NULL, NULL, NULL, NULL, NULL, NULL, NULL, NULL, NULL, 'TREASURY', NULL);
INSERT INTO `sys_rule_fact` VALUES ('treasury.facts.Attribute', 'treasury.facts.Attribute', 'Attribute', 'treasury.facts.Attribute', 1, NULL, 'ATT', NULL, NULL, NULL, NULL, NULL, NULL, NULL, 'TREASURY', NULL);
INSERT INTO `sys_rule_fact` VALUES ('treasury.facts.BillDate', 'treasury.facts.BillDate', 'Bill Date', 'treasury.facts.BillDate', 1, NULL, NULL, NULL, NULL, NULL, NULL, NULL, NULL, NULL, 'TREASURY', NULL);
INSERT INTO `sys_rule_fact` VALUES ('treasury.facts.BillItem', 'treasury.facts.BillItem', 'Bill Item', 'treasury.facts.BillItem', 1, NULL, 'BILLITEM', NULL, NULL, NULL, NULL, NULL, NULL, NULL, 'TREASURY', 'treasury.facts.AbstractBillItem');
INSERT INTO `sys_rule_fact` VALUES ('treasury.facts.DecimalInfo', 'treasury.facts.DecimalInfo', 'Decimal Info', 'treasury.facts.DecimalInfo', 1, NULL, NULL, NULL, NULL, NULL, NULL, NULL, NULL, NULL, 'ENTERPRISE', 'enterprise.facts.VariableInfo');
INSERT INTO `sys_rule_fact` VALUES ('treasury.facts.DueDate', 'treasury.facts.DueDate', 'Due Date', 'treasury.facts.DueDate', 1, NULL, NULL, NULL, NULL, NULL, NULL, NULL, NULL, NULL, 'TREASURY', NULL);
INSERT INTO `sys_rule_fact` VALUES ('treasury.facts.ExcessPayment', 'treasury.facts.ExcessPayment', 'Excess Payment', 'treasury.facts.ExcessPayment', 5, NULL, 'EXPMT', NULL, NULL, NULL, NULL, NULL, NULL, NULL, 'TREASURY', NULL);
INSERT INTO `sys_rule_fact` VALUES ('treasury.facts.ExtensionDate', 'treasury.facts.ExtensionDate', 'Extension Date', 'treasury.facts.ExtensionDate', 0, NULL, NULL, NULL, NULL, NULL, NULL, NULL, NULL, NULL, 'TREASURY', NULL);
INSERT INTO `sys_rule_fact` VALUES ('treasury.facts.HolidayFact', 'treasury.facts.HolidayFact', 'Holidays', 'treasury.facts.HolidayFact', 1, NULL, 'HOLIDAYS', NULL, NULL, NULL, NULL, NULL, NULL, NULL, 'TREASURY', NULL);
INSERT INTO `sys_rule_fact` VALUES ('treasury.facts.InterestItem', 'treasury.facts.InterestItem', 'Interest Item', 'treasury.facts.InterestItem', 4, NULL, NULL, NULL, NULL, NULL, NULL, NULL, NULL, NULL, 'TREASURY', 'treasury.facts.AbstractBillItem');
INSERT INTO `sys_rule_fact` VALUES ('treasury.facts.Payment', 'treasury.facts.Payment', 'Payment', 'treasury.facts.Payment', 5, NULL, 'PMT', NULL, NULL, NULL, NULL, NULL, NULL, NULL, 'TREASURY', NULL);
INSERT INTO `sys_rule_fact` VALUES ('treasury.facts.SurchargeItem', 'treasury.facts.SurchargeItem', 'Surcharge Item', 'treasury.facts.SurchargeItem', 4, NULL, 'SUR', NULL, NULL, NULL, NULL, NULL, NULL, NULL, 'TREASURY', 'treasury.facts.AbstractBillItem');
INSERT INTO `sys_rule_fact` VALUES ('treasury.facts.SystemDate', 'treasury.facts.SystemDate', 'System Date', 'treasury.facts.SystemDate', 1, NULL, NULL, NULL, NULL, NULL, NULL, NULL, NULL, NULL, 'TREASURY', NULL);
INSERT INTO `sys_rule_fact` VALUES ('treasury.facts.VarDate', 'treasury.facts.VarDate', 'Variable Date', 'treasury.facts.VarDate', 1, NULL, NULL, NULL, NULL, NULL, NULL, NULL, NULL, NULL, 'TREASURY', NULL);
INSERT INTO `sys_rule_fact` VALUES ('treasury.facts.VarDecimal', 'treasury.facts.VarDecimal', 'Var Decimal', 'treasury.facts.VarDecimal', 1, NULL, NULL, NULL, NULL, NULL, NULL, NULL, NULL, NULL, 'TREASURY', NULL);
INSERT INTO `sys_rule_fact` VALUES ('treasury.facts.VarInteger', 'treasury.facts.VarInteger', 'Var Integer', 'treasury.facts.VarInteger', 0, NULL, NULL, NULL, NULL, NULL, NULL, NULL, NULL, NULL, 'TREASURY', NULL);
INSERT INTO `sys_rule_fact` VALUES ('treasury.facts.VarString', 'treasury.facts.VarString', 'Var String', 'treasury.facts.VarString', 1, NULL, NULL, NULL, NULL, NULL, NULL, NULL, NULL, NULL, 'TREASURY', NULL);
INSERT INTO `sys_rule_fact` VALUES ('vehicle.facts.VehicleApplication', 'vehicle.facts.VehicleApplication', 'Vehicle Application', 'vehicle.facts.VehicleApplication', 1, NULL, 'VAPP', NULL, NULL, NULL, NULL, NULL, NULL, NULL, 'VEHICLE', NULL);
INSERT INTO `sys_rule_fact` VALUES ('vehicle.facts.VehicleAssessYear', 'vehicle.facts.VehicleAssessYear', 'Vehicle Assess Year', 'vehicle.facts.VehicleAssessYear', 1, NULL, NULL, NULL, NULL, NULL, NULL, NULL, NULL, NULL, 'VEHICLE', NULL);
INSERT INTO `sys_rule_fact` VALUES ('vehicle.facts.VehicleFranchise', 'vehicle.facts.VehicleFranchise', 'Vehicle Franchise', 'vehicle.facts.VehicleFranchise', 0, NULL, NULL, NULL, NULL, NULL, NULL, NULL, NULL, NULL, 'VEHICLE', NULL);
INSERT INTO `sys_rule_fact` VALUES ('vehicle.facts.VehicleUnit', 'vehicle.facts.VehicleUnit', 'Vehicle Unit', 'vehicle.facts.VehicleUnit', 1, NULL, 'VU', NULL, NULL, NULL, NULL, NULL, NULL, NULL, 'VEHICLE', NULL);
COMMIT;

-- ----------------------------
-- Table structure for sys_rule_fact_field
-- ----------------------------
DROP TABLE IF EXISTS `sys_rule_fact_field`;
CREATE TABLE `sys_rule_fact_field` (
  `objid` varchar(100) NOT NULL DEFAULT '',
  `parentid` varchar(50) DEFAULT NULL,
  `name` varchar(50) NOT NULL,
  `title` varchar(160) DEFAULT NULL,
  `datatype` varchar(50) DEFAULT NULL,
  `sortorder` int(11) DEFAULT NULL,
  `handler` varchar(50) DEFAULT NULL,
  `lookuphandler` varchar(50) DEFAULT NULL,
  `lookupkey` varchar(50) DEFAULT NULL,
  `lookupvalue` varchar(50) DEFAULT NULL,
  `lookupdatatype` varchar(50) DEFAULT NULL,
  `multivalued` int(11) DEFAULT NULL,
  `required` int(11) DEFAULT NULL,
  `vardatatype` varchar(50) DEFAULT NULL,
  `lovname` varchar(50) DEFAULT NULL,
  PRIMARY KEY (`objid`) USING BTREE,
  KEY `parentid` (`parentid`) USING BTREE,
  CONSTRAINT `sys_rule_fact_field_ibfk_1` FOREIGN KEY (`parentid`) REFERENCES `sys_rule_fact` (`objid`)
) ENGINE=InnoDB DEFAULT CHARSET=utf8;

-- ----------------------------
-- Records of sys_rule_fact_field
-- ----------------------------
BEGIN;
INSERT INTO `sys_rule_fact_field` VALUES ('com.rameses.rules.common.CurrentDate.date', 'com.rameses.rules.common.CurrentDate', 'date', 'Date', 'date', 4, 'date', NULL, NULL, NULL, NULL, NULL, NULL, 'date', NULL);
INSERT INTO `sys_rule_fact_field` VALUES ('com.rameses.rules.common.CurrentDate.day', 'com.rameses.rules.common.CurrentDate', 'day', 'Day', 'integer', 5, 'integer', NULL, NULL, NULL, NULL, NULL, NULL, 'integer', NULL);
INSERT INTO `sys_rule_fact_field` VALUES ('com.rameses.rules.common.CurrentDate.month', 'com.rameses.rules.common.CurrentDate', 'month', 'Month', 'integer', 3, 'integer', NULL, NULL, NULL, NULL, NULL, NULL, 'integer', NULL);
INSERT INTO `sys_rule_fact_field` VALUES ('com.rameses.rules.common.CurrentDate.qtr', 'com.rameses.rules.common.CurrentDate', 'qtr', 'Qtr', 'integer', 1, 'integer', NULL, NULL, NULL, NULL, NULL, NULL, 'integer', NULL);
INSERT INTO `sys_rule_fact_field` VALUES ('com.rameses.rules.common.CurrentDate.year', 'com.rameses.rules.common.CurrentDate', 'year', 'Year', 'integer', 2, 'integer', NULL, NULL, NULL, NULL, NULL, NULL, 'integer', NULL);
INSERT INTO `sys_rule_fact_field` VALUES ('enterprise.facts.BooleanInfo.name', 'enterprise.facts.BooleanInfo', 'name', 'Name', 'string', 1, 'lookup', 'variableinfo_boolean:lookup', 'name', 'name', NULL, NULL, 1, 'string', NULL);
INSERT INTO `sys_rule_fact_field` VALUES ('enterprise.facts.BooleanInfo.value', 'enterprise.facts.BooleanInfo', 'value', 'Value', 'boolean', 2, 'boolean', NULL, NULL, NULL, NULL, NULL, 1, 'boolean', NULL);
INSERT INTO `sys_rule_fact_field` VALUES ('enterprise.facts.DateInfo.day', 'enterprise.facts.DateInfo', 'day', 'Day', 'integer', 4, 'integer', NULL, NULL, NULL, NULL, NULL, NULL, 'integer', NULL);
INSERT INTO `sys_rule_fact_field` VALUES ('enterprise.facts.DateInfo.month', 'enterprise.facts.DateInfo', 'month', 'Month', 'integer', 3, 'integer', NULL, NULL, NULL, NULL, NULL, NULL, 'integer', NULL);
INSERT INTO `sys_rule_fact_field` VALUES ('enterprise.facts.DateInfo.name', 'enterprise.facts.DateInfo', 'name', 'Name', 'string', 5, 'lookup', 'variableinfo_date:lookup', 'name', 'name', NULL, NULL, 1, 'string', NULL);
INSERT INTO `sys_rule_fact_field` VALUES ('enterprise.facts.DateInfo.qtr', 'enterprise.facts.DateInfo', 'qtr', 'Qtr', 'integer', 1, 'integer', NULL, NULL, NULL, NULL, NULL, NULL, 'integer', NULL);
INSERT INTO `sys_rule_fact_field` VALUES ('enterprise.facts.DateInfo.value', 'enterprise.facts.DateInfo', 'value', 'Date', 'date', 6, 'date', NULL, NULL, NULL, NULL, NULL, 1, 'date', NULL);
INSERT INTO `sys_rule_fact_field` VALUES ('enterprise.facts.DateInfo.year', 'enterprise.facts.DateInfo', 'year', 'Year', 'integer', 2, 'integer', NULL, NULL, NULL, NULL, NULL, NULL, 'integer', NULL);
INSERT INTO `sys_rule_fact_field` VALUES ('enterprise.facts.IntegerInfo.name', 'enterprise.facts.IntegerInfo', 'name', 'Name', 'string', 1, 'lookup', 'variableinfo_integer:lookup', 'name', 'name', NULL, NULL, 1, 'string', NULL);
INSERT INTO `sys_rule_fact_field` VALUES ('enterprise.facts.IntegerInfo.value', 'enterprise.facts.IntegerInfo', 'value', 'Value', 'integer', 2, 'integer', NULL, NULL, NULL, NULL, NULL, 1, 'integer', NULL);
INSERT INTO `sys_rule_fact_field` VALUES ('enterprise.facts.Requirement.completed', 'enterprise.facts.Requirement', 'completed', 'Completed', 'boolean', 2, 'boolean', NULL, NULL, NULL, NULL, NULL, NULL, 'boolean', NULL);
INSERT INTO `sys_rule_fact_field` VALUES ('enterprise.facts.Requirement.expirydate', 'enterprise.facts.Requirement', 'expirydate', 'Expiry Date', 'date', 3, 'date', NULL, NULL, NULL, NULL, NULL, NULL, 'date', NULL);
INSERT INTO `sys_rule_fact_field` VALUES ('enterprise.facts.Requirement.type', 'enterprise.facts.Requirement', 'type', 'Type', 'string', 1, 'lookup', 'requirementtype:lookup', 'objid', 'title', NULL, 1, NULL, 'string', NULL);
INSERT INTO `sys_rule_fact_field` VALUES ('enterprise.facts.StringArrayInfo.name', 'enterprise.facts.StringArrayInfo', 'name', 'Name', 'string', 1, 'lookup', 'variableinfo_string_array:lookup', 'name', 'name', NULL, NULL, 1, 'string', NULL);
INSERT INTO `sys_rule_fact_field` VALUES ('enterprise.facts.StringArrayInfo.value', 'enterprise.facts.StringArrayInfo', 'value', 'Value', 'string', 2, 'string', NULL, NULL, NULL, NULL, NULL, 1, 'string', NULL);
INSERT INTO `sys_rule_fact_field` VALUES ('enterprise.facts.StringInfo.name', 'enterprise.facts.StringInfo', 'name', 'Name', 'string', 1, 'lookup', 'variableinfo_string:lookup', 'name', 'name', NULL, NULL, 1, 'string', NULL);
INSERT INTO `sys_rule_fact_field` VALUES ('enterprise.facts.StringInfo.value', 'enterprise.facts.StringInfo', 'value', 'Value', 'string', 2, 'string', NULL, NULL, NULL, NULL, NULL, 1, 'string', NULL);
INSERT INTO `sys_rule_fact_field` VALUES ('treasury.facts.AppDate.date', 'treasury.facts.AppDate', 'date', 'Date', 'date', 1, 'date', NULL, NULL, NULL, NULL, NULL, NULL, 'date', NULL);
INSERT INTO `sys_rule_fact_field` VALUES ('treasury.facts.AppDate.day', 'treasury.facts.AppDate', 'day', 'Day', 'integer', 4, 'integer', NULL, NULL, NULL, NULL, NULL, NULL, 'integer', NULL);
INSERT INTO `sys_rule_fact_field` VALUES ('treasury.facts.AppDate.month', 'treasury.facts.AppDate', 'month', 'Month', 'integer', 3, 'integer', NULL, NULL, NULL, NULL, NULL, NULL, 'integer', NULL);
INSERT INTO `sys_rule_fact_field` VALUES ('treasury.facts.AppDate.qtr', 'treasury.facts.AppDate', 'qtr', 'Qtr', 'integer', 5, 'integer', NULL, NULL, NULL, NULL, NULL, NULL, 'integer', NULL);
INSERT INTO `sys_rule_fact_field` VALUES ('treasury.facts.AppDate.year', 'treasury.facts.AppDate', 'year', 'Year', 'integer', 2, 'integer', NULL, NULL, NULL, NULL, NULL, NULL, 'integer', NULL);
INSERT INTO `sys_rule_fact_field` VALUES ('treasury.facts.Attribute.name', 'treasury.facts.Attribute', 'name', 'Name', 'string', 1, 'lookup', 'attribute:lookup', 'name', 'title', NULL, NULL, NULL, 'string', NULL);
INSERT INTO `sys_rule_fact_field` VALUES ('treasury.facts.BillDate.date', 'treasury.facts.BillDate', 'date', 'Date', 'date', 1, 'date', NULL, NULL, NULL, NULL, NULL, NULL, 'date', NULL);
INSERT INTO `sys_rule_fact_field` VALUES ('treasury.facts.BillDate.day', 'treasury.facts.BillDate', 'day', 'Day', 'integer', 4, 'integer', NULL, NULL, NULL, NULL, NULL, NULL, 'integer', NULL);
INSERT INTO `sys_rule_fact_field` VALUES ('treasury.facts.BillDate.month', 'treasury.facts.BillDate', 'month', 'Month', 'integer', 3, 'integer', NULL, NULL, NULL, NULL, NULL, NULL, 'integer', NULL);
INSERT INTO `sys_rule_fact_field` VALUES ('treasury.facts.BillDate.qtr', 'treasury.facts.BillDate', 'qtr', 'Qtr', 'integer', 5, 'integer', NULL, NULL, NULL, NULL, NULL, NULL, 'integer', NULL);
INSERT INTO `sys_rule_fact_field` VALUES ('treasury.facts.BillDate.year', 'treasury.facts.BillDate', 'year', 'Year', 'integer', 2, 'integer', NULL, NULL, NULL, NULL, NULL, NULL, 'integer', NULL);
INSERT INTO `sys_rule_fact_field` VALUES ('treasury.facts.BillItem.account', 'treasury.facts.BillItem', 'account', 'Account', 'string', 3, 'lookup', 'revenueitem:lookup', 'objid', 'title', NULL, NULL, NULL, 'object', NULL);
INSERT INTO `sys_rule_fact_field` VALUES ('treasury.facts.BillItem.account.objid', 'treasury.facts.BillItem', 'account.objid', 'Account ID', 'string', 2, 'lookup', 'revenueitem:lookup', 'objid', 'title', NULL, NULL, NULL, 'string', NULL);
INSERT INTO `sys_rule_fact_field` VALUES ('treasury.facts.BillItem.amount', 'treasury.facts.BillItem', 'amount', 'Amount', 'decimal', 2, 'decimal', NULL, NULL, NULL, NULL, NULL, NULL, 'decimal', NULL);
INSERT INTO `sys_rule_fact_field` VALUES ('treasury.facts.BillItem.billcode', 'treasury.facts.BillItem', 'billcode', 'Bill code', 'string', 1, 'lookup', 'vehicle_itemaccount:lookup', 'objid', 'title', NULL, NULL, NULL, 'string', NULL);
INSERT INTO `sys_rule_fact_field` VALUES ('treasury.facts.BillItem.billrefid', 'treasury.facts.BillItem', 'billrefid', 'Bill Ref ID', 'string', 7, 'var', NULL, NULL, NULL, NULL, NULL, NULL, 'string', NULL);
INSERT INTO `sys_rule_fact_field` VALUES ('treasury.facts.BillItem.discount', 'treasury.facts.BillItem', 'discount', 'Discount', 'decimal', 5, 'decimal', NULL, NULL, NULL, NULL, NULL, NULL, 'decimal', NULL);
INSERT INTO `sys_rule_fact_field` VALUES ('treasury.facts.BillItem.duedate', 'treasury.facts.BillItem', 'duedate', 'Due Date', 'date', 3, 'date', NULL, NULL, NULL, NULL, NULL, NULL, 'date', NULL);
INSERT INTO `sys_rule_fact_field` VALUES ('treasury.facts.BillItem.fromdate', 'treasury.facts.BillItem', 'fromdate', 'From Date', 'date', 14, 'date', NULL, NULL, NULL, NULL, NULL, NULL, 'date', NULL);
INSERT INTO `sys_rule_fact_field` VALUES ('treasury.facts.BillItem.interest', 'treasury.facts.BillItem', 'interest', 'Interest', 'decimal', 6, 'decimal', NULL, NULL, NULL, NULL, NULL, NULL, 'decimal', NULL);
INSERT INTO `sys_rule_fact_field` VALUES ('treasury.facts.BillItem.month', 'treasury.facts.BillItem', 'month', 'Month', 'integer', 13, 'integer', NULL, NULL, NULL, NULL, NULL, NULL, 'integer', NULL);
INSERT INTO `sys_rule_fact_field` VALUES ('treasury.facts.BillItem.org', 'treasury.facts.BillItem', 'org', 'Org', 'string', 10, 'var', NULL, NULL, NULL, NULL, NULL, NULL, 'enterprise.facts.Org', NULL);
INSERT INTO `sys_rule_fact_field` VALUES ('treasury.facts.BillItem.parentaccount', 'treasury.facts.BillItem', 'parentaccount', 'Parent Account', 'string', 9, 'lookup', 'revenueitem:lookup', 'objid', 'title', NULL, NULL, NULL, 'object', NULL);
INSERT INTO `sys_rule_fact_field` VALUES ('treasury.facts.BillItem.paypriority', 'treasury.facts.BillItem', 'paypriority', 'Pay Priority', 'integer', 9, 'integer', NULL, NULL, NULL, NULL, NULL, NULL, 'integer', NULL);
INSERT INTO `sys_rule_fact_field` VALUES ('treasury.facts.BillItem.refid', 'treasury.facts.BillItem', 'refid', 'Ref ID', 'string', 16, 'var', NULL, NULL, NULL, NULL, NULL, NULL, 'string', NULL);
INSERT INTO `sys_rule_fact_field` VALUES ('treasury.facts.BillItem.remarks', 'treasury.facts.BillItem', 'remarks', 'Remarks', 'string', 8, 'string', NULL, NULL, NULL, NULL, NULL, NULL, 'string', NULL);
INSERT INTO `sys_rule_fact_field` VALUES ('treasury.facts.BillItem.sortorder', 'treasury.facts.BillItem', 'sortorder', 'Sort Order', 'integer', 19, 'integer', NULL, NULL, NULL, NULL, NULL, NULL, 'integer', NULL);
INSERT INTO `sys_rule_fact_field` VALUES ('treasury.facts.BillItem.surcharge', 'treasury.facts.BillItem', 'surcharge', 'Surcharge', 'decimal', 4, 'decimal', NULL, NULL, NULL, NULL, NULL, NULL, 'decimal', NULL);
INSERT INTO `sys_rule_fact_field` VALUES ('treasury.facts.BillItem.tag', 'treasury.facts.BillItem', 'tag', 'Tag', 'string', 20, 'string', NULL, NULL, NULL, NULL, NULL, NULL, 'string', NULL);
INSERT INTO `sys_rule_fact_field` VALUES ('treasury.facts.BillItem.todate', 'treasury.facts.BillItem', 'todate', 'To Date', 'date', 15, 'date', NULL, NULL, NULL, NULL, NULL, NULL, 'date', NULL);
INSERT INTO `sys_rule_fact_field` VALUES ('treasury.facts.BillItem.txntype', 'treasury.facts.BillItem', 'txntype', 'Txn Type', 'string', 6, 'lookup', 'billitem_txntype:lookup', 'objid', 'title', NULL, NULL, NULL, 'string', NULL);
INSERT INTO `sys_rule_fact_field` VALUES ('treasury.facts.BillItem.year', 'treasury.facts.BillItem', 'year', 'Year', 'integer', 7, 'integer', NULL, NULL, NULL, NULL, NULL, NULL, 'integer', NULL);
INSERT INTO `sys_rule_fact_field` VALUES ('treasury.facts.DecimalInfo.name', 'treasury.facts.DecimalInfo', 'name', 'Name', 'string', 1, 'lookup', 'variableinfo_decimal:lookup', 'name', 'name', NULL, NULL, 1, 'string', NULL);
INSERT INTO `sys_rule_fact_field` VALUES ('treasury.facts.DecimalInfo.value', 'treasury.facts.DecimalInfo', 'value', 'Value', 'decimal', 2, 'decimal', NULL, NULL, NULL, NULL, NULL, 1, 'decimal', NULL);
INSERT INTO `sys_rule_fact_field` VALUES ('treasury.facts.DueDate.date', 'treasury.facts.DueDate', 'date', 'Date', 'date', 1, 'date', NULL, NULL, NULL, NULL, NULL, NULL, 'date', NULL);
INSERT INTO `sys_rule_fact_field` VALUES ('treasury.facts.DueDate.day', 'treasury.facts.DueDate', 'day', 'Day', 'integer', 4, 'integer', NULL, NULL, NULL, NULL, NULL, NULL, 'integer', NULL);
INSERT INTO `sys_rule_fact_field` VALUES ('treasury.facts.DueDate.month', 'treasury.facts.DueDate', 'month', 'Month', 'integer', 3, 'integer', NULL, NULL, NULL, NULL, NULL, NULL, 'integer', NULL);
INSERT INTO `sys_rule_fact_field` VALUES ('treasury.facts.DueDate.qtr', 'treasury.facts.DueDate', 'qtr', 'Qtr', 'integer', 5, 'integer', NULL, NULL, NULL, NULL, NULL, NULL, 'integer', NULL);
INSERT INTO `sys_rule_fact_field` VALUES ('treasury.facts.DueDate.year', 'treasury.facts.DueDate', 'year', 'Year', 'integer', 2, 'integer', NULL, NULL, NULL, NULL, NULL, NULL, 'integer', NULL);
INSERT INTO `sys_rule_fact_field` VALUES ('treasury.facts.ExcessPayment.amount', 'treasury.facts.ExcessPayment', 'amount', 'Amount', 'decimal', 1, 'decimal', NULL, NULL, NULL, NULL, NULL, NULL, 'decimal', NULL);
INSERT INTO `sys_rule_fact_field` VALUES ('treasury.facts.ExtensionDate.date', 'treasury.facts.ExtensionDate', 'date', 'Date', 'date', 0, 'date', NULL, NULL, NULL, NULL, NULL, NULL, 'date', NULL);
INSERT INTO `sys_rule_fact_field` VALUES ('treasury.facts.ExtensionDate.month', 'treasury.facts.ExtensionDate', 'month', 'Month', 'integer', 2, 'integer', NULL, NULL, NULL, NULL, NULL, NULL, 'integer', NULL);
INSERT INTO `sys_rule_fact_field` VALUES ('treasury.facts.ExtensionDate.qtr', 'treasury.facts.ExtensionDate', 'qtr', 'Qtr', 'integer', 2, 'integer', NULL, NULL, NULL, NULL, NULL, NULL, 'integer', NULL);
INSERT INTO `sys_rule_fact_field` VALUES ('treasury.facts.ExtensionDate.tag', 'treasury.facts.ExtensionDate', 'tag', 'Tag', 'string', 3, 'string', NULL, NULL, NULL, NULL, NULL, NULL, 'string', NULL);
INSERT INTO `sys_rule_fact_field` VALUES ('treasury.facts.ExtensionDate.year', 'treasury.facts.ExtensionDate', 'year', 'Year', 'integer', 1, 'integer', NULL, NULL, NULL, NULL, NULL, NULL, 'integer', NULL);
INSERT INTO `sys_rule_fact_field` VALUES ('treasury.facts.HolidayFact.id', 'treasury.facts.HolidayFact', 'id', 'ID', 'string', 1, 'string', NULL, NULL, NULL, NULL, NULL, NULL, 'string', NULL);
INSERT INTO `sys_rule_fact_field` VALUES ('treasury.facts.InterestItem.account', 'treasury.facts.InterestItem', 'account', 'Account', 'string', 2, 'lookup', 'revenueitem:lookup', 'objid', 'title', NULL, NULL, NULL, 'object', NULL);
INSERT INTO `sys_rule_fact_field` VALUES ('treasury.facts.InterestItem.amount', 'treasury.facts.InterestItem', 'amount', 'Amount', 'decimal', 2, 'decimal', NULL, NULL, NULL, NULL, NULL, NULL, 'decimal', NULL);
INSERT INTO `sys_rule_fact_field` VALUES ('treasury.facts.InterestItem.billcode', 'treasury.facts.InterestItem', 'billcode', 'Item code', 'string', 3, 'lookup', 'vehicle_itemaccount:lookup', 'objid', 'title', NULL, NULL, NULL, 'string', NULL);
INSERT INTO `sys_rule_fact_field` VALUES ('treasury.facts.InterestItem.parent', 'treasury.facts.InterestItem', 'parent', 'Parent BillItem', 'string', 1, 'var', NULL, NULL, NULL, NULL, NULL, NULL, 'treasury.facts.AbstractBillItem', NULL);
INSERT INTO `sys_rule_fact_field` VALUES ('treasury.facts.Payment.amount', 'treasury.facts.Payment', 'amount', 'Amount', 'decimal', 1, 'decimal', NULL, NULL, NULL, NULL, NULL, NULL, 'decimal', NULL);
INSERT INTO `sys_rule_fact_field` VALUES ('treasury.facts.SurchargeItem.account', 'treasury.facts.SurchargeItem', 'account', 'Account', 'string', 2, 'lookup', 'revenueitem:lookup', 'objid', 'title', NULL, NULL, NULL, 'object', NULL);
INSERT INTO `sys_rule_fact_field` VALUES ('treasury.facts.SurchargeItem.amount', 'treasury.facts.SurchargeItem', 'amount', 'Amount', 'decimal', 2, 'decimal', NULL, NULL, NULL, NULL, NULL, NULL, 'decimal', NULL);
INSERT INTO `sys_rule_fact_field` VALUES ('treasury.facts.SurchargeItem.billcode', 'treasury.facts.SurchargeItem', 'billcode', 'Item code', 'string', 3, 'lookup', 'vehicle_itemaccount:lookup', 'objid', 'title', NULL, NULL, NULL, 'string', NULL);
INSERT INTO `sys_rule_fact_field` VALUES ('treasury.facts.SurchargeItem.parent', 'treasury.facts.SurchargeItem', 'parent', 'Parent Bill Item', 'string', 1, 'var', NULL, NULL, NULL, NULL, NULL, NULL, 'treasury.facts.AbstractBillItem', NULL);
INSERT INTO `sys_rule_fact_field` VALUES ('treasury.facts.SurchargeItem.txntype', 'treasury.facts.SurchargeItem', 'txntype', 'Txn Type', 'string', 4, 'lookup', 'billitem_txntype:lookup', 'objid', 'title', NULL, NULL, NULL, 'string', NULL);
INSERT INTO `sys_rule_fact_field` VALUES ('treasury.facts.SystemDate.date', 'treasury.facts.SystemDate', 'date', 'Date', 'date', 1, 'date', NULL, NULL, NULL, NULL, NULL, NULL, 'date', NULL);
INSERT INTO `sys_rule_fact_field` VALUES ('treasury.facts.SystemDate.day', 'treasury.facts.SystemDate', 'day', 'Day', 'integer', 4, 'integer', NULL, NULL, NULL, NULL, NULL, NULL, 'integer', NULL);
INSERT INTO `sys_rule_fact_field` VALUES ('treasury.facts.SystemDate.month', 'treasury.facts.SystemDate', 'month', 'Month', 'integer', 3, 'integer', NULL, NULL, NULL, NULL, NULL, NULL, 'integer', NULL);
INSERT INTO `sys_rule_fact_field` VALUES ('treasury.facts.SystemDate.qtr', 'treasury.facts.SystemDate', 'qtr', 'Qtr', 'integer', 5, 'integer', NULL, NULL, NULL, NULL, NULL, NULL, 'integer', NULL);
INSERT INTO `sys_rule_fact_field` VALUES ('treasury.facts.SystemDate.year', 'treasury.facts.SystemDate', 'year', 'Year', 'integer', 2, 'integer', NULL, NULL, NULL, NULL, NULL, NULL, 'integer', NULL);
INSERT INTO `sys_rule_fact_field` VALUES ('treasury.facts.VarDate.date', 'treasury.facts.VarDate', 'date', 'Date', 'date', 1, 'date', NULL, NULL, NULL, NULL, NULL, NULL, 'date', NULL);
INSERT INTO `sys_rule_fact_field` VALUES ('treasury.facts.VarDate.day', 'treasury.facts.VarDate', 'day', 'Day', 'integer', 4, 'integer', NULL, NULL, NULL, NULL, NULL, NULL, 'integer', NULL);
INSERT INTO `sys_rule_fact_field` VALUES ('treasury.facts.VarDate.month', 'treasury.facts.VarDate', 'month', 'Month', 'integer', 3, 'integer', NULL, NULL, NULL, NULL, NULL, NULL, 'integer', NULL);
INSERT INTO `sys_rule_fact_field` VALUES ('treasury.facts.VarDate.qtr', 'treasury.facts.VarDate', 'qtr', 'Qtr', 'integer', 5, 'integer', NULL, NULL, NULL, NULL, NULL, NULL, 'integer', NULL);
INSERT INTO `sys_rule_fact_field` VALUES ('treasury.facts.VarDate.tag', 'treasury.facts.VarDate', 'tag', 'Tag', 'string', 6, 'string', NULL, NULL, NULL, NULL, NULL, NULL, 'string', NULL);
INSERT INTO `sys_rule_fact_field` VALUES ('treasury.facts.VarDate.year', 'treasury.facts.VarDate', 'year', 'Year', 'integer', 2, 'integer', NULL, NULL, NULL, NULL, NULL, NULL, 'integer', NULL);
INSERT INTO `sys_rule_fact_field` VALUES ('treasury.facts.VarDecimal.tag', 'treasury.facts.VarDecimal', 'tag', 'Tag', 'string', 2, 'string', NULL, NULL, NULL, NULL, NULL, NULL, 'string', NULL);
INSERT INTO `sys_rule_fact_field` VALUES ('treasury.facts.VarDecimal.value', 'treasury.facts.VarDecimal', 'value', 'Value', 'decimal', 1, 'decimal', NULL, NULL, NULL, NULL, NULL, NULL, 'decimal', NULL);
INSERT INTO `sys_rule_fact_field` VALUES ('treasury.facts.VarInteger.tag', 'treasury.facts.VarInteger', 'tag', 'Tag', 'string', 2, 'string', NULL, NULL, NULL, NULL, NULL, NULL, 'string', NULL);
INSERT INTO `sys_rule_fact_field` VALUES ('treasury.facts.VarInteger.value', 'treasury.facts.VarInteger', 'value', 'Value', 'integer', 1, 'integer', NULL, NULL, NULL, NULL, NULL, NULL, 'integer', NULL);
INSERT INTO `sys_rule_fact_field` VALUES ('treasury.facts.VarString.tag', 'treasury.facts.VarString', 'tag', 'Tag', 'string', 2, 'string', NULL, NULL, NULL, NULL, NULL, NULL, 'string', NULL);
INSERT INTO `sys_rule_fact_field` VALUES ('treasury.facts.VarString.value', 'treasury.facts.VarString', 'value', 'Value', 'string', 1, 'string', NULL, NULL, NULL, NULL, NULL, NULL, 'string', NULL);
INSERT INTO `sys_rule_fact_field` VALUES ('vehicle.facts.VehicleApplication.appdate', 'vehicle.facts.VehicleApplication', 'appdate', 'App Date', 'date', 4, 'date', NULL, NULL, NULL, NULL, NULL, NULL, 'date', NULL);
INSERT INTO `sys_rule_fact_field` VALUES ('vehicle.facts.VehicleApplication.apptype', 'vehicle.facts.VehicleApplication', 'apptype', 'App Type', 'string', 1, 'lov', NULL, NULL, NULL, NULL, NULL, NULL, 'string', 'VEHICLE_APP_TYPE');
INSERT INTO `sys_rule_fact_field` VALUES ('vehicle.facts.VehicleApplication.appyear', 'vehicle.facts.VehicleApplication', 'appyear', 'App Year', 'integer', 3, 'integer', NULL, NULL, NULL, NULL, NULL, NULL, 'integer', NULL);
INSERT INTO `sys_rule_fact_field` VALUES ('vehicle.facts.VehicleApplication.nextfranchiserenewaldate', 'vehicle.facts.VehicleApplication', 'nextfranchiserenewaldate', 'Next Franchise Renewal Date', 'date', 10, 'date', NULL, NULL, NULL, NULL, NULL, NULL, 'date', NULL);
INSERT INTO `sys_rule_fact_field` VALUES ('vehicle.facts.VehicleApplication.prevexpirydate', 'vehicle.facts.VehicleApplication', 'prevexpirydate', 'Prev Expiry Date', 'date', 5, 'date', NULL, NULL, NULL, NULL, NULL, NULL, 'date', NULL);
INSERT INTO `sys_rule_fact_field` VALUES ('vehicle.facts.VehicleApplication.vehicletype', 'vehicle.facts.VehicleApplication', 'vehicletype', 'Vehicle Type', 'string', 2, 'lookup', 'vehicletype:lookup', 'objid', 'objid', NULL, NULL, NULL, 'string', 'VEHICLE_TXNTYPE');
INSERT INTO `sys_rule_fact_field` VALUES ('vehicle.facts.VehicleAssessYear.year', 'vehicle.facts.VehicleAssessYear', 'year', 'Year', 'integer', 1, 'integer', NULL, NULL, NULL, NULL, NULL, NULL, 'integer', NULL);
INSERT INTO `sys_rule_fact_field` VALUES ('vehicle.facts.VehicleFranchise.controlno', 'vehicle.facts.VehicleFranchise', 'controlno', 'Control No', 'string', 1, 'string', NULL, NULL, NULL, NULL, NULL, NULL, 'string', NULL);
INSERT INTO `sys_rule_fact_field` VALUES ('vehicle.facts.VehicleFranchise.dtregistered', 'vehicle.facts.VehicleFranchise', 'dtregistered', 'Date Registered', 'date', 2, 'date', NULL, NULL, NULL, NULL, NULL, NULL, 'date', NULL);
INSERT INTO `sys_rule_fact_field` VALUES ('vehicle.facts.VehicleFranchise.startdate', 'vehicle.facts.VehicleFranchise', 'startdate', 'Start Date', 'date', 2, 'date', NULL, NULL, NULL, NULL, NULL, NULL, 'date', NULL);
INSERT INTO `sys_rule_fact_field` VALUES ('vehicle.facts.VehicleUnit.appid', 'vehicle.facts.VehicleUnit', 'appid', 'App ID', 'string', 11, 'string', NULL, NULL, NULL, NULL, NULL, NULL, 'string', NULL);
INSERT INTO `sys_rule_fact_field` VALUES ('vehicle.facts.VehicleUnit.apptype', 'vehicle.facts.VehicleUnit', 'apptype', 'App Type', 'string', 12, 'string', NULL, NULL, NULL, NULL, NULL, NULL, 'string', NULL);
INSERT INTO `sys_rule_fact_field` VALUES ('vehicle.facts.VehicleUnit.bodyno', 'vehicle.facts.VehicleUnit', 'bodyno', 'Body No', 'string', 4, 'string', NULL, NULL, NULL, NULL, NULL, NULL, 'string', NULL);
INSERT INTO `sys_rule_fact_field` VALUES ('vehicle.facts.VehicleUnit.chassisno', 'vehicle.facts.VehicleUnit', 'chassisno', 'Chassis No', 'string', 9, 'string', NULL, NULL, NULL, NULL, NULL, NULL, 'string', NULL);
INSERT INTO `sys_rule_fact_field` VALUES ('vehicle.facts.VehicleUnit.color', 'vehicle.facts.VehicleUnit', 'color', 'Color', 'string', 8, 'string', NULL, NULL, NULL, NULL, NULL, NULL, 'string', NULL);
INSERT INTO `sys_rule_fact_field` VALUES ('vehicle.facts.VehicleUnit.controlno', 'vehicle.facts.VehicleUnit', 'controlno', 'Control No', 'string', 1, 'string', NULL, NULL, NULL, NULL, NULL, NULL, 'string', NULL);
INSERT INTO `sys_rule_fact_field` VALUES ('vehicle.facts.VehicleUnit.engineno', 'vehicle.facts.VehicleUnit', 'engineno', 'Engine No', 'string', 3, 'string', NULL, NULL, NULL, NULL, NULL, NULL, 'string', NULL);
INSERT INTO `sys_rule_fact_field` VALUES ('vehicle.facts.VehicleUnit.make', 'vehicle.facts.VehicleUnit', 'make', 'Make', 'string', 6, 'string', NULL, NULL, NULL, NULL, NULL, NULL, 'string', NULL);
INSERT INTO `sys_rule_fact_field` VALUES ('vehicle.facts.VehicleUnit.model', 'vehicle.facts.VehicleUnit', 'model', 'Model', 'string', 7, 'string', NULL, NULL, NULL, NULL, NULL, NULL, 'string', NULL);
INSERT INTO `sys_rule_fact_field` VALUES ('vehicle.facts.VehicleUnit.plateno', 'vehicle.facts.VehicleUnit', 'plateno', 'Plate No', 'string', 2, 'string', NULL, NULL, NULL, NULL, NULL, NULL, 'string', NULL);
INSERT INTO `sys_rule_fact_field` VALUES ('vehicle.facts.VehicleUnit.sidecarcolor', 'vehicle.facts.VehicleUnit', 'sidecarcolor', 'Sidecar Color', 'string', 10, 'string', NULL, NULL, NULL, NULL, NULL, NULL, 'string', NULL);
INSERT INTO `sys_rule_fact_field` VALUES ('vehicle.facts.VehicleUnit.sidecarno', 'vehicle.facts.VehicleUnit', 'sidecarno', 'Sidecarno', 'string', 5, 'string', NULL, NULL, NULL, NULL, NULL, NULL, 'string', NULL);
COMMIT;

-- ----------------------------
-- Table structure for sys_rulegroup
-- ----------------------------
DROP TABLE IF EXISTS `sys_rulegroup`;
CREATE TABLE `sys_rulegroup` (
  `name` varchar(50) NOT NULL,
  `ruleset` varchar(50) NOT NULL,
  `title` varchar(160) DEFAULT NULL,
  `sortorder` int(11) DEFAULT NULL,
  PRIMARY KEY (`name`,`ruleset`) USING BTREE,
  KEY `ruleset` (`ruleset`) USING BTREE,
  CONSTRAINT `sys_rulegroup_ibfk_1` FOREIGN KEY (`ruleset`) REFERENCES `sys_ruleset` (`name`)
) ENGINE=InnoDB DEFAULT CHARSET=utf8;

-- ----------------------------
-- Records of sys_rulegroup
-- ----------------------------
BEGIN;
INSERT INTO `sys_rulegroup` VALUES ('after-compute-fee', 'vehiclebilling', 'After Compute Fee', 3);
INSERT INTO `sys_rulegroup` VALUES ('apply-payment', 'vehiclebilling', 'Apply Payment', 7);
INSERT INTO `sys_rulegroup` VALUES ('ask-info', 'vehicleassessment', 'Ask Info', 1);
INSERT INTO `sys_rulegroup` VALUES ('ask-info', 'vehiclebilling', 'Ask Info', 1);
INSERT INTO `sys_rulegroup` VALUES ('compute-fee', 'vehicleassessment', 'Compute Fee', 3);
INSERT INTO `sys_rulegroup` VALUES ('compute-fee', 'vehiclebilling', 'Compute Fee', 2);
INSERT INTO `sys_rulegroup` VALUES ('discount', 'vehiclebilling', 'Compute Discount', 4);
INSERT INTO `sys_rulegroup` VALUES ('initial', 'vehicleassessment', 'Initial', 0);
INSERT INTO `sys_rulegroup` VALUES ('initial', 'vehiclebilling', 'Initial', 0);
INSERT INTO `sys_rulegroup` VALUES ('initial', 'vehicledates', 'Initial', 0);
INSERT INTO `sys_rulegroup` VALUES ('interest', 'vehiclebilling', 'Compute Interest', 6);
INSERT INTO `sys_rulegroup` VALUES ('post-ask-info', 'vehicleassessment', 'After Ask Info', 2);
INSERT INTO `sys_rulegroup` VALUES ('summary', 'vehicleassessment', 'Summary', 4);
INSERT INTO `sys_rulegroup` VALUES ('summary', 'vehiclebilling', 'Summary', 8);
INSERT INTO `sys_rulegroup` VALUES ('surcharge', 'vehiclebilling', 'Compute Surcharge', 5);
COMMIT;

-- ----------------------------
-- Table structure for sys_ruleset
-- ----------------------------
DROP TABLE IF EXISTS `sys_ruleset`;
CREATE TABLE `sys_ruleset` (
  `name` varchar(50) NOT NULL,
  `title` varchar(160) DEFAULT NULL,
  `packagename` varchar(50) DEFAULT NULL,
  `domain` varchar(50) DEFAULT NULL,
  `role` varchar(50) DEFAULT NULL,
  `permission` varchar(50) DEFAULT NULL,
  PRIMARY KEY (`name`) USING BTREE
) ENGINE=InnoDB DEFAULT CHARSET=utf8;

-- ----------------------------
-- Records of sys_ruleset
-- ----------------------------
BEGIN;
INSERT INTO `sys_ruleset` VALUES ('vehicleassessment', 'Vehicle Assessment', 'vehicleassessment', 'VEHICLE', 'RULE_AUTHOR', NULL);
INSERT INTO `sys_ruleset` VALUES ('vehiclebilling', 'Vehicle Reg. Billing', 'vehiclebilling', 'VEHICLE', 'RULE_AUTHOR', NULL);
INSERT INTO `sys_ruleset` VALUES ('vehicledates', 'Vehicle Dates', 'vehicledates', 'VEHICLE', 'RULE_AUTHOR', NULL);
COMMIT;

-- ----------------------------
-- Table structure for sys_ruleset_actiondef
-- ----------------------------
DROP TABLE IF EXISTS `sys_ruleset_actiondef`;
CREATE TABLE `sys_ruleset_actiondef` (
  `ruleset` varchar(50) NOT NULL,
  `actiondef` varchar(50) NOT NULL,
  PRIMARY KEY (`ruleset`,`actiondef`) USING BTREE,
  KEY `actiondef` (`actiondef`) USING BTREE,
  CONSTRAINT `fk_sys_ruleset_actiondef_actiondef` FOREIGN KEY (`actiondef`) REFERENCES `sys_rule_actiondef` (`objid`),
  CONSTRAINT `sys_ruleset_actiondef_ibfk_2` FOREIGN KEY (`ruleset`) REFERENCES `sys_ruleset` (`name`)
) ENGINE=InnoDB DEFAULT CHARSET=utf8;

-- ----------------------------
-- Records of sys_ruleset_actiondef
-- ----------------------------
BEGIN;
INSERT INTO `sys_ruleset_actiondef` VALUES ('vehicleassessment', 'enterprise.actions.AddInfo');
INSERT INTO `sys_ruleset_actiondef` VALUES ('vehicleassessment', 'enterprise.actions.AddSystemInfo');
INSERT INTO `sys_ruleset_actiondef` VALUES ('vehicleassessment', 'enterprise.actions.AskInfo');
INSERT INTO `sys_ruleset_actiondef` VALUES ('vehiclebilling', 'enterprise.actions.AskInfo');
INSERT INTO `sys_ruleset_actiondef` VALUES ('vehicleassessment', 'enterprise.actions.ThrowException');
INSERT INTO `sys_ruleset_actiondef` VALUES ('vehicledates', 'enterprise.actions.ThrowException');
INSERT INTO `sys_ruleset_actiondef` VALUES ('vehicleassessment', 'treasury.actions.AddBillItem');
INSERT INTO `sys_ruleset_actiondef` VALUES ('vehiclebilling', 'treasury.actions.AddBillItem');
INSERT INTO `sys_ruleset_actiondef` VALUES ('vehiclebilling', 'treasury.actions.AddDiscountItem');
INSERT INTO `sys_ruleset_actiondef` VALUES ('vehiclebilling', 'treasury.actions.AddDueDate');
INSERT INTO `sys_ruleset_actiondef` VALUES ('vehicledates', 'treasury.actions.AddDueDate');
INSERT INTO `sys_ruleset_actiondef` VALUES ('vehiclebilling', 'treasury.actions.AddInterestItem');
INSERT INTO `sys_ruleset_actiondef` VALUES ('vehiclebilling', 'treasury.actions.AddSurchargeItem');
INSERT INTO `sys_ruleset_actiondef` VALUES ('vehicledates', 'treasury.actions.AddVarDate');
INSERT INTO `sys_ruleset_actiondef` VALUES ('vehiclebilling', 'treasury.actions.ApplyPayment');
INSERT INTO `sys_ruleset_actiondef` VALUES ('vehicleassessment', 'treasury.actions.RemoveBillItem');
INSERT INTO `sys_ruleset_actiondef` VALUES ('vehiclebilling', 'treasury.actions.SetBillItemProperty');
INSERT INTO `sys_ruleset_actiondef` VALUES ('vehicleassessment', 'treasury.actions.SummarizeBillItem');
INSERT INTO `sys_ruleset_actiondef` VALUES ('vehiclebilling', 'treasury.actions.SummarizeBillItem');
COMMIT;

-- ----------------------------
-- Table structure for sys_ruleset_fact
-- ----------------------------
DROP TABLE IF EXISTS `sys_ruleset_fact`;
CREATE TABLE `sys_ruleset_fact` (
  `ruleset` varchar(50) NOT NULL,
  `rulefact` varchar(50) NOT NULL,
  PRIMARY KEY (`ruleset`,`rulefact`) USING BTREE,
  KEY `rulefact` (`rulefact`) USING BTREE,
  CONSTRAINT `fk_sys_ruleset_fact_rulefact` FOREIGN KEY (`rulefact`) REFERENCES `sys_rule_fact` (`objid`),
  CONSTRAINT `sys_ruleset_fact_ibfk_2` FOREIGN KEY (`ruleset`) REFERENCES `sys_ruleset` (`name`)
) ENGINE=InnoDB DEFAULT CHARSET=utf8;

-- ----------------------------
-- Records of sys_ruleset_fact
-- ----------------------------
BEGIN;
INSERT INTO `sys_ruleset_fact` VALUES ('vehicleassessment', 'com.rameses.rules.common.CurrentDate');
INSERT INTO `sys_ruleset_fact` VALUES ('vehiclebilling', 'com.rameses.rules.common.CurrentDate');
INSERT INTO `sys_ruleset_fact` VALUES ('vehicledates', 'com.rameses.rules.common.CurrentDate');
INSERT INTO `sys_ruleset_fact` VALUES ('vehicleassessment', 'enterprise.facts.BooleanInfo');
INSERT INTO `sys_ruleset_fact` VALUES ('vehiclebilling', 'enterprise.facts.BooleanInfo');
INSERT INTO `sys_ruleset_fact` VALUES ('vehicleassessment', 'enterprise.facts.DateInfo');
INSERT INTO `sys_ruleset_fact` VALUES ('vehicledates', 'enterprise.facts.DateInfo');
INSERT INTO `sys_ruleset_fact` VALUES ('vehicleassessment', 'enterprise.facts.IntegerInfo');
INSERT INTO `sys_ruleset_fact` VALUES ('vehiclebilling', 'enterprise.facts.IntegerInfo');
INSERT INTO `sys_ruleset_fact` VALUES ('vehicleassessment', 'enterprise.facts.StringArrayInfo');
INSERT INTO `sys_ruleset_fact` VALUES ('vehiclebilling', 'enterprise.facts.StringArrayInfo');
INSERT INTO `sys_ruleset_fact` VALUES ('vehicleassessment', 'enterprise.facts.StringInfo');
INSERT INTO `sys_ruleset_fact` VALUES ('vehiclebilling', 'enterprise.facts.StringInfo');
INSERT INTO `sys_ruleset_fact` VALUES ('vehiclebilling', 'treasury.facts.AppDate');
INSERT INTO `sys_ruleset_fact` VALUES ('vehicleassessment', 'treasury.facts.BillDate');
INSERT INTO `sys_ruleset_fact` VALUES ('vehiclebilling', 'treasury.facts.BillDate');
INSERT INTO `sys_ruleset_fact` VALUES ('vehicledates', 'treasury.facts.BillDate');
INSERT INTO `sys_ruleset_fact` VALUES ('vehicleassessment', 'treasury.facts.BillItem');
INSERT INTO `sys_ruleset_fact` VALUES ('vehiclebilling', 'treasury.facts.BillItem');
INSERT INTO `sys_ruleset_fact` VALUES ('vehicleassessment', 'treasury.facts.DecimalInfo');
INSERT INTO `sys_ruleset_fact` VALUES ('vehiclebilling', 'treasury.facts.DecimalInfo');
INSERT INTO `sys_ruleset_fact` VALUES ('vehiclebilling', 'treasury.facts.DueDate');
INSERT INTO `sys_ruleset_fact` VALUES ('vehiclebilling', 'treasury.facts.ExcessPayment');
INSERT INTO `sys_ruleset_fact` VALUES ('vehiclebilling', 'treasury.facts.ExtensionDate');
INSERT INTO `sys_ruleset_fact` VALUES ('vehicledates', 'treasury.facts.ExtensionDate');
INSERT INTO `sys_ruleset_fact` VALUES ('vehiclebilling', 'treasury.facts.HolidayFact');
INSERT INTO `sys_ruleset_fact` VALUES ('vehiclebilling', 'treasury.facts.InterestItem');
INSERT INTO `sys_ruleset_fact` VALUES ('vehiclebilling', 'treasury.facts.Payment');
INSERT INTO `sys_ruleset_fact` VALUES ('vehiclebilling', 'treasury.facts.SurchargeItem');
INSERT INTO `sys_ruleset_fact` VALUES ('vehicleassessment', 'treasury.facts.SystemDate');
INSERT INTO `sys_ruleset_fact` VALUES ('vehiclebilling', 'treasury.facts.SystemDate');
INSERT INTO `sys_ruleset_fact` VALUES ('vehicledates', 'treasury.facts.SystemDate');
INSERT INTO `sys_ruleset_fact` VALUES ('vehicleassessment', 'vehicle.facts.VehicleApplication');
INSERT INTO `sys_ruleset_fact` VALUES ('vehiclebilling', 'vehicle.facts.VehicleApplication');
INSERT INTO `sys_ruleset_fact` VALUES ('vehicledates', 'vehicle.facts.VehicleApplication');
INSERT INTO `sys_ruleset_fact` VALUES ('vehicleassessment', 'vehicle.facts.VehicleAssessYear');
INSERT INTO `sys_ruleset_fact` VALUES ('vehiclebilling', 'vehicle.facts.VehicleAssessYear');
INSERT INTO `sys_ruleset_fact` VALUES ('vehicleassessment', 'vehicle.facts.VehicleFranchise');
INSERT INTO `sys_ruleset_fact` VALUES ('vehiclebilling', 'vehicle.facts.VehicleFranchise');
INSERT INTO `sys_ruleset_fact` VALUES ('vehicleassessment', 'vehicle.facts.VehicleUnit');
INSERT INTO `sys_ruleset_fact` VALUES ('vehiclebilling', 'vehicle.facts.VehicleUnit');
INSERT INTO `sys_ruleset_fact` VALUES ('vehicledates', 'vehicle.facts.VehicleUnit');
COMMIT;

-- ----------------------------
-- Table structure for sys_sequence
-- ----------------------------
DROP TABLE IF EXISTS `sys_sequence`;
CREATE TABLE `sys_sequence` (
  `objid` varchar(100) NOT NULL,
  `nextSeries` int(11) DEFAULT NULL,
  PRIMARY KEY (`objid`) USING BTREE
) ENGINE=InnoDB DEFAULT CHARSET=utf8;

-- ----------------------------
-- Table structure for sys_usergroup
-- ----------------------------
DROP TABLE IF EXISTS `sys_usergroup`;
CREATE TABLE `sys_usergroup` (
  `objid` varchar(50) NOT NULL,
  `title` varchar(255) DEFAULT NULL,
  `domain` varchar(25) DEFAULT NULL,
  `userclass` varchar(25) DEFAULT NULL,
  `orgclass` varchar(50) DEFAULT NULL,
  `role` varchar(50) DEFAULT NULL,
  PRIMARY KEY (`objid`) USING BTREE
) ENGINE=InnoDB DEFAULT CHARSET=utf8;

-- ----------------------------
-- Records of sys_usergroup
-- ----------------------------
BEGIN;
INSERT INTO `sys_usergroup` VALUES ('VEHICLE.ADMIN', 'VEHICLE ADMIN', 'VEHICLE', NULL, NULL, 'ADMIN');
INSERT INTO `sys_usergroup` VALUES ('VEHICLE.INFO', 'VEHICLE INFO', 'VEHICLE', NULL, NULL, 'INFO');
INSERT INTO `sys_usergroup` VALUES ('VEHICLE.MASTER', 'VEHICLE MASTER', 'VEHICLE', NULL, NULL, 'MASTER');
INSERT INTO `sys_usergroup` VALUES ('VEHICLE.RULE_AUTHOR', 'VEHICLE RULE_AUTHOR', 'VEHICLE', NULL, NULL, 'RULE_AUTHOR');
COMMIT;

-- ----------------------------
-- Table structure for sys_var
-- ----------------------------
DROP TABLE IF EXISTS `sys_var`;
CREATE TABLE `sys_var` (
  `name` varchar(50) NOT NULL,
  `value` longtext,
  `description` varchar(255) DEFAULT NULL,
  `datatype` varchar(15) DEFAULT NULL,
  `category` varchar(50) DEFAULT NULL,
  PRIMARY KEY (`name`) USING BTREE
) ENGINE=InnoDB DEFAULT CHARSET=utf8;

-- ----------------------------
-- Records of sys_var
-- ----------------------------
BEGIN;
INSERT INTO `sys_var` VALUES ('early_renewal_allowed_days', '30', NULL, 'integer', NULL);
COMMIT;

-- ----------------------------
-- Table structure for sys_wf
-- ----------------------------
DROP TABLE IF EXISTS `sys_wf`;
CREATE TABLE `sys_wf` (
  `name` varchar(50) NOT NULL,
  `title` varchar(100) DEFAULT NULL,
  `domain` varchar(50) DEFAULT NULL,
  PRIMARY KEY (`name`) USING BTREE
) ENGINE=InnoDB DEFAULT CHARSET=utf8;

-- ----------------------------
-- Records of sys_wf
-- ----------------------------
BEGIN;
INSERT INTO `sys_wf` VALUES ('vehicle_application', 'Vehicle Application', 'VEHICLE');
COMMIT;

-- ----------------------------
-- Table structure for sys_wf_node
-- ----------------------------
DROP TABLE IF EXISTS `sys_wf_node`;
CREATE TABLE `sys_wf_node` (
  `name` varchar(50) NOT NULL,
  `processname` varchar(50) NOT NULL DEFAULT '',
  `title` varchar(100) DEFAULT NULL,
  `nodetype` varchar(10) DEFAULT NULL,
  `idx` int(11) DEFAULT NULL,
  `salience` int(11) DEFAULT NULL,
  `domain` varchar(50) DEFAULT NULL,
  `role` varchar(255) DEFAULT NULL,
  `ui` text,
  `properties` text,
  `tracktime` int(11) DEFAULT NULL,
  PRIMARY KEY (`processname`,`name`) USING BTREE,
  CONSTRAINT `FK_sys_wf_node_wf` FOREIGN KEY (`processname`) REFERENCES `sys_wf` (`name`)
) ENGINE=InnoDB DEFAULT CHARSET=utf8;

-- ----------------------------
-- Records of sys_wf_node
-- ----------------------------
BEGIN;
INSERT INTO `sys_wf_node` VALUES ('approval', 'vehicle_application', 'For Approval', 'state', 4, 0, 'VEHICLE', 'APPROVER', '[type:\"state\",fillColor:\"#c0c0c0\",pos:[422,122],size:[100,50]]', '[:]', 1);
INSERT INTO `sys_wf_node` VALUES ('assessment', 'vehicle_application', 'Assessment', 'state', 3, 0, 'VEHICLE', 'ASSESSOR', '[type:\"state\",fillColor:\"#c0c0c0\",pos:[278,39],size:[96,56]]', '[:]', 1);
INSERT INTO `sys_wf_node` VALUES ('billing', 'vehicle_application', 'Billing', 'state', 5, 0, 'VEHICLE', 'ASSESSOR', '[type:\"state\",fillColor:\"#c0c0c0\",pos:[511,234],size:[103,55]]', '[:]', 1);
INSERT INTO `sys_wf_node` VALUES ('decide-payment', 'vehicle_application', 'Payment Decision', 'decision', 7, 0, NULL, NULL, '[type:\"decision\",fillColor:\"#c0c0c0\",pos:[765,183],size:[90,65]]', '[:]', NULL);
INSERT INTO `sys_wf_node` VALUES ('draft', 'vehicle_application', 'Draft', 'state', 2, 0, 'VEHICLE', 'RECEIVER', '[type:\"state\",fillColor:\"#c0c0c0\",pos:[135,79],size:[87,50]]', '[:]', 1);
INSERT INTO `sys_wf_node` VALUES ('end', 'vehicle_application', 'Completed', 'end', 9, 0, 'VEHICLE', NULL, '[type:\"end\",fillColor:\"#ff0000\",pos:[1099,210],size:[32,32]]', '[:]', NULL);
INSERT INTO `sys_wf_node` VALUES ('payment', 'vehicle_application', 'For Payment', 'state', 6, 0, 'VEHICLE', 'ADMIN', '[type:\"state\",fillColor:\"#c0c0c0\",pos:[594,146],size:[100,50]]', '[:]', 0);
INSERT INTO `sys_wf_node` VALUES ('release', 'vehicle_application', 'For Release', 'state', 8, 0, 'VEHICLE', 'RELEASER', '[type:\"state\",fillColor:\"#c0c0c0\",pos:[956,84],size:[100,50]]', '[:]', 1);
INSERT INTO `sys_wf_node` VALUES ('start', 'vehicle_application', 'Start', 'start', 1, 0, 'VEHICLE', NULL, '[type:\"start\",fillColor:\"#00ff00\",pos:[62,37],size:[32,32]]', '[:]', NULL);
COMMIT;

-- ----------------------------
-- Table structure for sys_wf_transition
-- ----------------------------
DROP TABLE IF EXISTS `sys_wf_transition`;
CREATE TABLE `sys_wf_transition` (
  `parentid` varchar(50) NOT NULL DEFAULT '',
  `processname` varchar(50) NOT NULL DEFAULT '',
  `action` varchar(50) NOT NULL,
  `to` varchar(50) NOT NULL,
  `idx` int(11) DEFAULT NULL,
  `eval` mediumtext,
  `properties` varchar(255) DEFAULT NULL,
  `permission` varchar(255) DEFAULT NULL,
  `caption` varchar(255) DEFAULT NULL,
  `ui` text,
  PRIMARY KEY (`processname`,`parentid`,`to`,`action`) USING BTREE,
  CONSTRAINT `FK_sys_wf_transition_wf_node` FOREIGN KEY (`processname`, `parentid`) REFERENCES `sys_wf_node` (`processname`, `name`)
) ENGINE=InnoDB DEFAULT CHARSET=utf8;

-- ----------------------------
-- Records of sys_wf_transition
-- ----------------------------
BEGIN;
INSERT INTO `sys_wf_transition` VALUES ('approval', 'vehicle_application', 'revert', 'assessment', 0, NULL, '[:]', NULL, 'Revert', '[points:[422,151,316,151,316,94],type:\"arrow\",pos:[316,94],size:[106,57]]');
INSERT INTO `sys_wf_transition` VALUES ('approval', 'vehicle_application', 'approve', 'billing', 0, NULL, '[showConfirm:true,confirmMessage:\"You are about to approve this application. Proceed?\"]', NULL, 'Approve', '[points:[495,172,536,234],type:\"arrow\",pos:[495,172],size:[41,62]]');
INSERT INTO `sys_wf_transition` VALUES ('approval', 'vehicle_application', 'approve-capture', 'release', 0, NULL, '[visibleWhen:\"#{  entity.txnmode == \'CAPTURE\' }\"]', NULL, 'Approve (Capture Paid)', '[points:[482,172,506,316,723,339,904,275,976,150,981,134],type:\"arrow\",pos:[482,134],size:[499,205]]');
INSERT INTO `sys_wf_transition` VALUES ('assessment', 'vehicle_application', 'submit', 'approval', 0, NULL, '[:]', NULL, 'Submit for Approval', '[points:[375,63,474,62,477,125],type:\"arrow\",pos:[375,62],size:[102,63]]');
INSERT INTO `sys_wf_transition` VALUES ('assessment', 'vehicle_application', 'revert', 'draft', 1, NULL, '[:]', NULL, 'Revert', '[points:[278,80,222,96],type:\"arrow\",pos:[222,80],size:[56,16]]');
INSERT INTO `sys_wf_transition` VALUES ('billing', 'vehicle_application', 'submit', 'payment', 0, NULL, '[:]', NULL, 'Submit for Payment', '[points:[593,234,602,196],type:\"arrow\",pos:[593,196],size:[9,38]]');
INSERT INTO `sys_wf_transition` VALUES ('decide-payment', 'vehicle_application', 'fail', 'payment', 0, 'amtdue != 0', '[:]', NULL, 'Payment Failed', '[points:[809,249,810,298,644,299,642,196],type:\"arrow\",pos:[642,196],size:[168,103]]');
INSERT INTO `sys_wf_transition` VALUES ('decide-payment', 'vehicle_application', 'success', 'release', 0, 'amtdue == 0', '[:]', NULL, 'Success Pay', '[points:[809,185,809,142,959,109],type:\"arrow\",pos:[809,109],size:[150,76]]');
INSERT INTO `sys_wf_transition` VALUES ('draft', 'vehicle_application', 'forapproval', 'approval', 5, NULL, '[visibleWhen:\"#{  entity.txnmode == \'CAPTURE\' }\"]', NULL, 'For Approval (Capture)', '[points:[189,129,223,203,349,234,436,172],type:\"arrow\",pos:[189,129],size:[247,105]]');
INSERT INTO `sys_wf_transition` VALUES ('draft', 'vehicle_application', 'submit', 'assessment', 0, NULL, '[:]', NULL, 'Submit for Assessment', '[points:[222,113,243,119,278,56],type:\"arrow\",pos:[222,56],size:[56,63]]');
INSERT INTO `sys_wf_transition` VALUES ('payment', 'vehicle_application', 'reverse-payment', 'approval', 10, NULL, '[:]', NULL, 'Reverse Payment', '[points:[627,146,629,95,533,72,518,122],type:\"arrow\",pos:[518,72],size:[111,74]]');
INSERT INTO `sys_wf_transition` VALUES ('payment', 'vehicle_application', 'post', 'decide-payment', 0, NULL, '[visible:false]', NULL, 'Post Payment', '[points:[694,184,727,185,729,218,769,219],type:\"arrow\",pos:[694,184],size:[75,35]]');
INSERT INTO `sys_wf_transition` VALUES ('release', 'vehicle_application', 'release', 'end', 0, NULL, '[:]', NULL, 'Release', '[points:[1025,134,1102,210],type:\"arrow\",pos:[1025,134],size:[77,76]]');
INSERT INTO `sys_wf_transition` VALUES ('release', 'vehicle_application', 'void-payment', 'payment', 0, NULL, '[visibleWhen:\"#{ false }\"]', NULL, 'Void Payment', '[points:[972,84,878,33,741,72,668,146],type:\"arrow\",pos:[668,33],size:[304,113]]');
INSERT INTO `sys_wf_transition` VALUES ('start', 'vehicle_application', 'start', 'draft', 0, 'txnmode != \'CAPTURE\'', '[:]', NULL, 'Submit', '[points:[94,57,135,91],type:\"arrow\",pos:[94,57],size:[41,34]]');
INSERT INTO `sys_wf_transition` VALUES ('start', 'vehicle_application', 'start-capture', 'release', 0, 'txnmode == \'CAPTURE\'', '[:]', NULL, 'Start Capture', '[points:[85,69,208,337,747,385,984,335,991,134],type:\"arrow\",pos:[85,69],size:[906,316]]');
COMMIT;

-- ----------------------------
-- Table structure for vehicle_account
-- ----------------------------
DROP TABLE IF EXISTS `vehicle_account`;
CREATE TABLE `vehicle_account` (
  `objid` varchar(50) NOT NULL,
  `franchiseid` varchar(50) DEFAULT NULL,
  `owner_objid` varchar(50) DEFAULT NULL,
  `owner_type` varchar(50) DEFAULT NULL,
  `owner_name` varchar(255) DEFAULT NULL,
  `owner_address_objid` varchar(50) DEFAULT NULL,
  `owner_address_text` varchar(255) DEFAULT NULL,
  `contact_phoneno` varchar(50) DEFAULT NULL,
  `contact_email` varchar(255) DEFAULT NULL,
  `contact_mobileno` varchar(50) DEFAULT NULL,
  `lastfranchisedatepaid` date DEFAULT NULL,
  `barangay_objid` varchar(50) DEFAULT NULL,
  `barangay_name` varchar(255) DEFAULT NULL,
  `supersederid` varchar(50) DEFAULT NULL,
  PRIMARY KEY (`objid`) USING BTREE,
  KEY `fk_vehicle_account_franchiseid` (`franchiseid`),
  CONSTRAINT `fk_vehicle_account_franchiseid` FOREIGN KEY (`franchiseid`) REFERENCES `vehicle_franchise` (`objid`)
) ENGINE=InnoDB DEFAULT CHARSET=utf8;

-- ----------------------------
-- Table structure for vehicle_application
-- ----------------------------
DROP TABLE IF EXISTS `vehicle_application`;
CREATE TABLE `vehicle_application` (
  `objid` varchar(50) NOT NULL,
  `franchiseid` varchar(50) DEFAULT NULL,
  `acctid` varchar(50) DEFAULT NULL,
  `unitid` varchar(50) DEFAULT NULL,
  `appno` varchar(50) NOT NULL,
  `appyear` int(255) DEFAULT NULL,
  `appdate` date DEFAULT NULL,
  `apptype` varchar(50) DEFAULT NULL,
  `txnmode` varchar(50) DEFAULT NULL,
  `dtcreated` datetime DEFAULT NULL,
  `createdby_objid` varchar(50) DEFAULT NULL,
  `createdby_name` varchar(255) DEFAULT NULL,
  `particulars` varchar(150) DEFAULT NULL,
  `taskid` varchar(50) DEFAULT NULL,
  `dtassessed` date DEFAULT NULL,
  PRIMARY KEY (`objid`) USING BTREE,
  UNIQUE KEY `uix_appno` (`appno`) USING BTREE,
  KEY `ix_taskid` (`taskid`) USING BTREE,
  KEY `ix_appdate` (`appdate`) USING BTREE,
  KEY `ix_dtfiled` (`dtcreated`) USING BTREE,
  KEY `ix_filedby_objid` (`createdby_objid`) USING BTREE,
  KEY `ix_filedby_name` (`createdby_name`) USING BTREE,
  KEY `fk_vehicle_application_geninfoid` (`unitid`) USING BTREE,
  KEY `fk_vehicle_application_acctid` (`acctid`) USING BTREE,
  KEY `fk_vehicle_application_franchiseid` (`franchiseid`),
  CONSTRAINT `fk_vehicle_application_acctid` FOREIGN KEY (`acctid`) REFERENCES `vehicle_account` (`objid`),
  CONSTRAINT `fk_vehicle_application_franchiseid` FOREIGN KEY (`franchiseid`) REFERENCES `vehicle_franchise` (`objid`),
  CONSTRAINT `fk_vehicle_application_task` FOREIGN KEY (`taskid`) REFERENCES `vehicle_application_task` (`taskid`),
  CONSTRAINT `fk_vehicle_application_unitid` FOREIGN KEY (`unitid`) REFERENCES `vehicle_unit` (`objid`)
) ENGINE=InnoDB DEFAULT CHARSET=utf8;

-- ----------------------------
-- Table structure for vehicle_application_fee
-- ----------------------------
DROP TABLE IF EXISTS `vehicle_application_fee`;
CREATE TABLE `vehicle_application_fee` (
  `objid` varchar(50) NOT NULL,
  `appid` varchar(50) DEFAULT NULL,
  `year` int(255) DEFAULT NULL,
  `itemid` varchar(50) DEFAULT NULL,
  `amount` decimal(16,4) DEFAULT NULL,
  `amtpaid` decimal(16,4) DEFAULT NULL,
  PRIMARY KEY (`objid`) USING BTREE,
  UNIQUE KEY `uix_parentid_itemid` (`appid`,`year`,`itemid`) USING BTREE,
  KEY `ix_appid` (`appid`) USING BTREE,
  KEY `ix_item_objid` (`itemid`) USING BTREE,
  CONSTRAINT `fk_vehicle_assessment_item_itemid` FOREIGN KEY (`itemid`) REFERENCES `vehicle_itemaccount` (`objid`),
  CONSTRAINT `fk_vehicle_assessment_item_parentid` FOREIGN KEY (`appid`) REFERENCES `vehicle_application` (`objid`)
) ENGINE=InnoDB DEFAULT CHARSET=utf8;

-- ----------------------------
-- Table structure for vehicle_application_info
-- ----------------------------
DROP TABLE IF EXISTS `vehicle_application_info`;
CREATE TABLE `vehicle_application_info` (
  `objid` varchar(50) NOT NULL,
  `appid` varchar(50) DEFAULT NULL,
  `name` varchar(50) DEFAULT NULL,
  `stringvalue` varchar(255) DEFAULT NULL,
  `decimalvalue` decimal(18,2) DEFAULT NULL,
  `intvalue` int(11) DEFAULT NULL,
  `datevalue` date DEFAULT NULL,
  `booleanvalue` int(11) DEFAULT NULL,
  `lov_objid` varchar(50) DEFAULT NULL,
  `lookup_objid` varchar(50) DEFAULT NULL,
  `lookup_title` varchar(50) DEFAULT NULL,
  `objvalue` mediumtext,
  `sortorder` int(11) DEFAULT NULL,
  PRIMARY KEY (`objid`) USING BTREE,
  KEY `ix_appid` (`appid`) USING BTREE,
  KEY `ix_name` (`name`) USING BTREE,
  CONSTRAINT `fk_vehicle_application_info_appid` FOREIGN KEY (`appid`) REFERENCES `vehicle_application` (`objid`),
  CONSTRAINT `fk_vehicle_application_info_name` FOREIGN KEY (`name`) REFERENCES `vehicle_variable` (`objid`)
) ENGINE=InnoDB DEFAULT CHARSET=utf8;

-- ----------------------------
-- Table structure for vehicle_application_task
-- ----------------------------
DROP TABLE IF EXISTS `vehicle_application_task`;
CREATE TABLE `vehicle_application_task` (
  `taskid` varchar(50) NOT NULL,
  `refid` varchar(50) DEFAULT NULL,
  `parentprocessid` varchar(50) DEFAULT NULL,
  `state` varchar(50) DEFAULT NULL,
  `startdate` datetime DEFAULT NULL,
  `enddate` datetime DEFAULT NULL,
  `assignee_objid` varchar(50) DEFAULT NULL,
  `assignee_name` varchar(100) DEFAULT NULL,
  `actor_objid` varchar(50) DEFAULT NULL,
  `actor_name` varchar(100) DEFAULT NULL,
  `message` varchar(255) DEFAULT NULL,
  `dtcreated` datetime DEFAULT NULL,
  `prevtaskid` varchar(50) DEFAULT NULL,
  PRIMARY KEY (`taskid`) USING BTREE,
  KEY `FK_business_application_task_business_application` (`refid`) USING BTREE,
  KEY `ix_refid` (`refid`) USING BTREE,
  KEY `ix_parentprocessid` (`parentprocessid`) USING BTREE,
  KEY `ix_startdate` (`startdate`) USING BTREE,
  KEY `ix_enddate` (`enddate`) USING BTREE,
  KEY `ix_assignee_objid` (`assignee_objid`) USING BTREE,
  KEY `ix_actor_objid` (`actor_objid`) USING BTREE,
  KEY `ix_dtcreated` (`dtcreated`) USING BTREE,
  KEY `ix_prevtaskid` (`prevtaskid`) USING BTREE,
  CONSTRAINT `FK_business_application_task_vehicle_application` FOREIGN KEY (`refid`) REFERENCES `vehicle_application` (`objid`)
) ENGINE=InnoDB DEFAULT CHARSET=utf8;

-- ----------------------------
-- Table structure for vehicle_driver
-- ----------------------------
DROP TABLE IF EXISTS `vehicle_driver`;
CREATE TABLE `vehicle_driver` (
  `objid` varchar(50) CHARACTER SET utf8 NOT NULL,
  `controlno` varchar(50) CHARACTER SET utf8 DEFAULT NULL,
  `vehicletypeid` varchar(50) CHARACTER SET utf8 DEFAULT NULL,
  `entity_objid` varchar(50) CHARACTER SET utf8 DEFAULT NULL,
  `entity_name` varchar(255) CHARACTER SET utf8 DEFAULT NULL,
  `entity_address_objid` varchar(50) CHARACTER SET utf8 DEFAULT NULL,
  `entity_address_text` varchar(255) CHARACTER SET utf8 DEFAULT NULL,
  `license_refno` varchar(50) DEFAULT NULL,
  `license_expirydate` date DEFAULT NULL,
  PRIMARY KEY (`objid`) USING BTREE,
  UNIQUE KEY `uix_vehicle_driver_controlno` (`controlno`) USING BTREE,
  UNIQUE KEY `uix_vehicle_driver_entityid_vehicletypeid` (`entity_objid`,`vehicletypeid`) USING BTREE,
  KEY `vehicle_driver_vehicletypeid` (`vehicletypeid`) USING BTREE,
  CONSTRAINT `vehicle_driver_vehicletypeid` FOREIGN KEY (`vehicletypeid`) REFERENCES `vehicletype` (`objid`)
) ENGINE=InnoDB DEFAULT CHARSET=latin1;

-- ----------------------------
-- Table structure for vehicle_driver_franchise
-- ----------------------------
DROP TABLE IF EXISTS `vehicle_driver_franchise`;
CREATE TABLE `vehicle_driver_franchise` (
  `objid` varchar(50) NOT NULL,
  `driverid` varchar(50) DEFAULT NULL,
  `franchiseid` varchar(50) DEFAULT NULL,
  PRIMARY KEY (`objid`) USING BTREE,
  UNIQUE KEY `uix_driverid_franchiseid` (`driverid`,`franchiseid`) USING BTREE,
  KEY `fk_vehicle_driver_franchise_franchiseid` (`franchiseid`) USING BTREE,
  CONSTRAINT `fk_vehicle_driver_franchise_driverid` FOREIGN KEY (`driverid`) REFERENCES `vehicle_driver` (`objid`),
  CONSTRAINT `fk_vehicle_driver_franchise_franchiseid` FOREIGN KEY (`franchiseid`) REFERENCES `vehicle_franchise` (`objid`)
) ENGINE=InnoDB DEFAULT CHARSET=utf8;

-- ----------------------------
-- Table structure for vehicle_extensiondate
-- ----------------------------
DROP TABLE IF EXISTS `vehicle_extensiondate`;
CREATE TABLE `vehicle_extensiondate` (
  `objid` varchar(50) NOT NULL,
  `vehicletypeid` varchar(50) DEFAULT NULL,
  `year` int(255) DEFAULT NULL,
  `month` int(255) DEFAULT NULL,
  `date` date DEFAULT NULL,
  PRIMARY KEY (`objid`) USING BTREE
) ENGINE=InnoDB DEFAULT CHARSET=utf8;

-- ----------------------------
-- Table structure for vehicle_franchise
-- ----------------------------
DROP TABLE IF EXISTS `vehicle_franchise`;
CREATE TABLE `vehicle_franchise` (
  `objid` varchar(50) NOT NULL,
  `state` varchar(50) DEFAULT NULL,
  `controlno` varchar(50) DEFAULT NULL,
  `vehicletypeid` varchar(50) DEFAULT NULL,
  `acctid` varchar(50) DEFAULT NULL,
  `unitid` varchar(50) DEFAULT NULL,
  `appid` varchar(50) DEFAULT NULL,
  `permitid` varchar(50) DEFAULT NULL,
  `lastfranchiseyearpaid` int(11) DEFAULT NULL,
  `nextfranchiserenewaldate` date DEFAULT NULL,
  PRIMARY KEY (`objid`) USING BTREE,
  UNIQUE KEY `ix_controlno` (`controlno`) USING BTREE,
  KEY `ix_vehicletype` (`vehicletypeid`) USING BTREE,
  KEY `fk_vehicle_franchise_unitid` (`unitid`) USING BTREE,
  KEY `fk_vehicle_franchise_appid` (`appid`) USING BTREE,
  KEY `fk_vehicle_franchise_permitid` (`permitid`) USING BTREE,
  CONSTRAINT `fk_vehicle_franchise_appid` FOREIGN KEY (`appid`) REFERENCES `vehicle_application` (`objid`),
  CONSTRAINT `fk_vehicle_franchise_permitid` FOREIGN KEY (`permitid`) REFERENCES `vehicle_permit` (`objid`),
  CONSTRAINT `fk_vehicle_franchise_unitid` FOREIGN KEY (`unitid`) REFERENCES `vehicle_unit` (`objid`),
  CONSTRAINT `fk_vehicle_franchise_vehicletypeid` FOREIGN KEY (`vehicletypeid`) REFERENCES `vehicletype` (`objid`)
) ENGINE=InnoDB DEFAULT CHARSET=utf8;

-- ----------------------------
-- Table structure for vehicle_itemaccount
-- ----------------------------
DROP TABLE IF EXISTS `vehicle_itemaccount`;
CREATE TABLE `vehicle_itemaccount` (
  `objid` varchar(50) NOT NULL,
  `title` varchar(255) DEFAULT NULL,
  `item_objid` varchar(50) DEFAULT NULL,
  `item_code` varchar(50) DEFAULT NULL,
  `item_title` varchar(255) DEFAULT NULL,
  `item_fund_objid` varchar(50) DEFAULT NULL,
  `sortorder` int(10) DEFAULT NULL,
  PRIMARY KEY (`objid`) USING BTREE
) ENGINE=InnoDB DEFAULT CHARSET=utf8;

-- ----------------------------
-- Table structure for vehicle_payment
-- ----------------------------
DROP TABLE IF EXISTS `vehicle_payment`;
CREATE TABLE `vehicle_payment` (
  `objid` varchar(50) NOT NULL,
  `appid` varchar(50) DEFAULT NULL,
  `txndate` datetime DEFAULT NULL,
  `refid` varchar(50) DEFAULT NULL,
  `reftype` varchar(50) DEFAULT NULL,
  `refno` varchar(50) DEFAULT NULL,
  `refdate` date DEFAULT NULL,
  `amount` decimal(16,4) DEFAULT NULL,
  `voided` int(11) DEFAULT NULL,
  `txnmode` varchar(50) DEFAULT NULL,
  `remarks` varchar(255) DEFAULT NULL,
  PRIMARY KEY (`objid`) USING BTREE,
  KEY `ix_appid` (`appid`) USING BTREE,
  KEY `ix_txndate` (`txndate`) USING BTREE,
  KEY `ix_refid` (`refid`) USING BTREE,
  KEY `ix_refno` (`refno`) USING BTREE,
  KEY `ix_refdate` (`refdate`) USING BTREE,
  CONSTRAINT `fk_vehicle_payment_appid` FOREIGN KEY (`appid`) REFERENCES `vehicle_application` (`objid`)
) ENGINE=InnoDB DEFAULT CHARSET=utf8;

-- ----------------------------
-- Table structure for vehicle_payment_item
-- ----------------------------
DROP TABLE IF EXISTS `vehicle_payment_item`;
CREATE TABLE `vehicle_payment_item` (
  `objid` varchar(50) NOT NULL,
  `parentid` varchar(50) DEFAULT NULL,
  `amount` decimal(16,4) DEFAULT NULL,
  `surcharge` decimal(16,4) DEFAULT NULL,
  `interest` decimal(16,4) DEFAULT NULL,
  `discount` decimal(16,4) DEFAULT NULL,
  `refid` varchar(50) DEFAULT NULL,
  `remarks` varchar(255) DEFAULT NULL,
  PRIMARY KEY (`objid`) USING BTREE,
  KEY `ix_parentid` (`parentid`) USING BTREE,
  KEY `fk_vehicle_payment_item_refid` (`refid`) USING BTREE,
  CONSTRAINT `fk_vehicle_payment_item_parentid` FOREIGN KEY (`parentid`) REFERENCES `vehicle_payment` (`objid`),
  CONSTRAINT `fk_vehicle_payment_item_refid` FOREIGN KEY (`refid`) REFERENCES `vehicle_application_fee` (`objid`)
) ENGINE=InnoDB DEFAULT CHARSET=utf8;

-- ----------------------------
-- Table structure for vehicle_permit
-- ----------------------------
DROP TABLE IF EXISTS `vehicle_permit`;
CREATE TABLE `vehicle_permit` (
  `objid` varchar(50) NOT NULL,
  `state` varchar(50) DEFAULT NULL,
  `appid` varchar(50) DEFAULT NULL,
  `permitno` varchar(50) DEFAULT NULL,
  `permittype` varchar(50) DEFAULT NULL,
  `dtissued` date DEFAULT NULL,
  `issuedby_objid` varchar(50) DEFAULT NULL,
  `issuedby_name` varchar(50) DEFAULT NULL,
  `txnmode` varchar(50) DEFAULT NULL,
  `remarks` varchar(355) DEFAULT NULL,
  `supersederid` varchar(50) DEFAULT NULL,
  `expirydate` date DEFAULT NULL,
  PRIMARY KEY (`objid`) USING BTREE,
  UNIQUE KEY `uix_permitno` (`permitno`) USING BTREE,
  UNIQUE KEY `fk_vehicle_permit_unitid` (`appid`) USING BTREE,
  KEY `ix_dtissued` (`dtissued`) USING BTREE,
  KEY `ix_issuedby_objid` (`issuedby_objid`) USING BTREE,
  KEY `fk_vehicle_permit_supersederid` (`supersederid`) USING BTREE,
  CONSTRAINT `fk_vehicle_permit_supersederid` FOREIGN KEY (`supersederid`) REFERENCES `vehicle_permit` (`objid`),
  CONSTRAINT `fk_vehicle_permit_unitid` FOREIGN KEY (`appid`) REFERENCES `vehicle_application` (`objid`)
) ENGINE=InnoDB DEFAULT CHARSET=utf8;

-- ----------------------------
-- Table structure for vehicle_unit
-- ----------------------------
DROP TABLE IF EXISTS `vehicle_unit`;
CREATE TABLE `vehicle_unit` (
  `objid` varchar(50) NOT NULL,
  `franchiseid` varchar(50) DEFAULT NULL,
  PRIMARY KEY (`objid`) USING BTREE,
  KEY `fk_vehicle_unit_franchiseid` (`franchiseid`) USING BTREE,
  CONSTRAINT `fk_vehicle_unit_franchiseid` FOREIGN KEY (`franchiseid`) REFERENCES `vehicle_franchise` (`objid`)
) ENGINE=InnoDB DEFAULT CHARSET=utf8;

-- ----------------------------
-- Table structure for vehicle_unit_info
-- ----------------------------
DROP TABLE IF EXISTS `vehicle_unit_info`;
CREATE TABLE `vehicle_unit_info` (
  `objid` varchar(100) NOT NULL,
  `unitid` varchar(50) DEFAULT NULL,
  `fieldid` varchar(50) DEFAULT NULL,
  `stringvalue` varchar(255) DEFAULT NULL,
  `decimalvalue` decimal(18,2) DEFAULT NULL,
  `intvalue` int(11) DEFAULT NULL,
  `datevalue` date DEFAULT NULL,
  `booleanvalue` int(11) DEFAULT NULL,
  PRIMARY KEY (`objid`) USING BTREE,
  KEY `ix_appid` (`unitid`) USING BTREE,
  KEY `ix_name` (`fieldid`) USING BTREE,
  CONSTRAINT `fk_vehicle_unit_info_fieldid` FOREIGN KEY (`fieldid`) REFERENCES `vehicletype_field` (`objid`),
  CONSTRAINT `fk_vehicle_unit_info_unitid` FOREIGN KEY (`unitid`) REFERENCES `vehicle_unit` (`objid`)
) ENGINE=InnoDB DEFAULT CHARSET=utf8;

-- ----------------------------
-- Table structure for vehicle_variable
-- ----------------------------
DROP TABLE IF EXISTS `vehicle_variable`;
CREATE TABLE `vehicle_variable` (
  `objid` varchar(50) NOT NULL,
  `state` varchar(50) DEFAULT NULL,
  `name` varchar(50) NOT NULL,
  `caption` varchar(100) DEFAULT NULL,
  `description` varchar(255) DEFAULT NULL,
  `datatype` varchar(50) DEFAULT NULL,
  `category` varchar(100) DEFAULT NULL,
  `sortorder` int(11) DEFAULT NULL,
  `system` int(11) DEFAULT '0',
  `arrayvalues` text,
  PRIMARY KEY (`objid`) USING BTREE,
  UNIQUE KEY `uix_name` (`name`) USING BTREE
) ENGINE=InnoDB DEFAULT CHARSET=utf8;

-- ----------------------------
-- Table structure for vehicletype
-- ----------------------------
DROP TABLE IF EXISTS `vehicletype`;
CREATE TABLE `vehicletype` (
  `objid` varchar(50) NOT NULL,
  `title` varchar(255) DEFAULT NULL,
  `controlpattern` varchar(50) DEFAULT NULL,
  `indexno` int(11) DEFAULT NULL,
  `appnopattern` varchar(50) DEFAULT NULL,
  `icon` blob,
  `permitnopattern` varchar(50) DEFAULT NULL,
  `renewalfrequency` varchar(10) DEFAULT NULL,
  `permithandler` varchar(100) DEFAULT NULL,
  `drivernopattern` varchar(50) DEFAULT NULL,
  `maxunitperowner` int(255) DEFAULT NULL,
  PRIMARY KEY (`objid`) USING BTREE
) ENGINE=InnoDB DEFAULT CHARSET=utf8;

-- ----------------------------
-- Table structure for vehicletype_field
-- ----------------------------
DROP TABLE IF EXISTS `vehicletype_field`;
CREATE TABLE `vehicletype_field` (
  `objid` varchar(50) NOT NULL,
  `vehicletypeid` varchar(50) DEFAULT NULL,
  `name` varchar(50) NOT NULL,
  `caption` varchar(100) DEFAULT NULL,
  `datatype` varchar(50) DEFAULT NULL,
  `category` varchar(100) DEFAULT NULL,
  `sortorder` int(11) DEFAULT NULL,
  `required` smallint(255) DEFAULT NULL,
  `textwidth` int(11) DEFAULT NULL,
  PRIMARY KEY (`objid`) USING BTREE,
  UNIQUE KEY `uix_vehicletype_name` (`name`,`vehicletypeid`) USING BTREE,
  KEY `fk_vehicletype_field_vehicletypeid` (`vehicletypeid`) USING BTREE,
  CONSTRAINT `fk_vehicletype_field_vehicletypeid` FOREIGN KEY (`vehicletypeid`) REFERENCES `vehicletype` (`objid`)
) ENGINE=InnoDB DEFAULT CHARSET=utf8;

SET FOREIGN_KEY_CHECKS = 1;
